INSERT INTO TIPO_ECOSISTEMA(ID, TIPO_ECOSISTEMA) VALUES('TIEC0001', 'Bosque tropical húmedo');
INSERT INTO TIPO_ECOSISTEMA(ID, TIPO_ECOSISTEMA) VALUES('TIEC0002', 'Bosque de niebla');
INSERT INTO TIPO_ECOSISTEMA(ID, TIPO_ECOSISTEMA) VALUES('TIEC0003', 'Bosque de montaña');
INSERT INTO TIPO_ECOSISTEMA(ID, TIPO_ECOSISTEMA) VALUES('TIEC0004', 'Bosque seco tropical');
INSERT INTO TIPO_ECOSISTEMA(ID, TIPO_ECOSISTEMA) VALUES('TIEC0005', 'Sabana');
INSERT INTO TIPO_ECOSISTEMA(ID, TIPO_ECOSISTEMA) VALUES('TIEC0006', 'Humedales');
INSERT INTO TIPO_ECOSISTEMA(ID, TIPO_ECOSISTEMA) VALUES('TIEC0007', 'Manglares');
INSERT INTO TIPO_ECOSISTEMA(ID, TIPO_ECOSISTEMA) VALUES('TIEC0008', 'Ecosistemas de páramo');
INSERT INTO TIPO_ECOSISTEMA(ID, TIPO_ECOSISTEMA) VALUES('TIEC0009', 'Ecosistemas de alta montaña');
INSERT INTO TIPO_ECOSISTEMA(ID, TIPO_ECOSISTEMA) VALUES('TIEC0010', 'Ecosistemas de lagunas');
INSERT INTO TIPO_ECOSISTEMA(ID, TIPO_ECOSISTEMA) VALUES('TIEC0011', 'Bosque de galería');
INSERT INTO TIPO_ECOSISTEMA(ID, TIPO_ECOSISTEMA) VALUES('TIEC0012', 'Arrecifes de coral');
INSERT INTO TIPO_ECOSISTEMA(ID, TIPO_ECOSISTEMA) VALUES('TIEC0013', 'Estuarios');
INSERT INTO TIPO_ECOSISTEMA(ID, TIPO_ECOSISTEMA) VALUES('TIEC0014', 'Lagunas y cuerpos de agua dulce');
INSERT INTO TIPO_ECOSISTEMA(ID, TIPO_ECOSISTEMA) VALUES('TIEC0015', 'Ecosistemas marinos costeros');

INSERT INTO AREA_PROTEGIDA(ID, NOMBRE, EXTENSION, FECHA_CREACION, UBICACION_LATITUD, UBICACION_LONGITUD, TIPOECOSISTEMA_ID) VALUES('APCOL001', 'Parque Nacional Natural Amacayacu', 2672.41, TO_DATE('1975-07-04', 'YYYY-MM-DD'), -3.483, -70.200, 'TIEC0001');
INSERT INTO AREA_PROTEGIDA(ID, NOMBRE, EXTENSION, FECHA_CREACION, UBICACION_LATITUD, UBICACION_LONGITUD, TIPOECOSISTEMA_ID) VALUES('APCOL002', 'Parque Nacional Natural Río Puré', 9998.80, TO_DATE('1980-05-05', 'YYYY-MM-DD'), -1.948, -70.135, 'TIEC0009');
INSERT INTO AREA_PROTEGIDA(ID, NOMBRE, EXTENSION, FECHA_CREACION, UBICACION_LATITUD, UBICACION_LONGITUD, TIPOECOSISTEMA_ID) VALUES('APCOL003', 'Parque Nacional Natural Iguaque', 6888, TO_DATE('1977-07-30', 'YYYY-MM-DD'), 5.672, -73.461, 'TIEC0002');
INSERT INTO AREA_PROTEGIDA(ID, NOMBRE, EXTENSION, FECHA_CREACION, UBICACION_LATITUD, UBICACION_LONGITUD, TIPOECOSISTEMA_ID) VALUES('APCOL004', 'Parque Nacional Natural El Cocuy', 3060, TO_DATE('1977-12-22', 'YYYY-MM-DD'), 6.366, -72.330, 'TIEC0008');
INSERT INTO AREA_PROTEGIDA(ID, NOMBRE, EXTENSION, FECHA_CREACION, UBICACION_LATITUD, UBICACION_LONGITUD, TIPOECOSISTEMA_ID) VALUES('APCOL005', 'Parque Nacional Natural Los Nevados', 58300, TO_DATE('1973-06-19', 'YYYY-MM-DD'), 4.793, -75.489, 'TIEC0008');
INSERT INTO AREA_PROTEGIDA(ID, NOMBRE, EXTENSION, FECHA_CREACION, UBICACION_LATITUD, UBICACION_LONGITUD, TIPOECOSISTEMA_ID) VALUES('APCOL006', 'Santuario de Flora y Fauna Otún Quimbaya', 4.89, TO_DATE('1996-05-23', 'YYYY-MM-DD'), 4.729, -75.578, 'TIEC0002');
INSERT INTO AREA_PROTEGIDA(ID, NOMBRE, EXTENSION, FECHA_CREACION, UBICACION_LATITUD, UBICACION_LONGITUD, TIPOECOSISTEMA_ID) VALUES('APCOL007', 'Parque Nacional Natural Tayrona', 225, TO_DATE('1969-11-28', 'YYYY-MM-DD'), 11.306, -74.065, 'TIEC0001');
INSERT INTO AREA_PROTEGIDA(ID, NOMBRE, EXTENSION, FECHA_CREACION, UBICACION_LATITUD, UBICACION_LONGITUD, TIPOECOSISTEMA_ID) VALUES('APCOL008', 'Cienaga Grande de Santa Marta', 4280, TO_DATE('1977-07-06', 'YYYY-MM-DD'), 10.702, -74.477, 'TIEC0006');
INSERT INTO AREA_PROTEGIDA(ID, NOMBRE, EXTENSION, FECHA_CREACION, UBICACION_LATITUD, UBICACION_LONGITUD, TIPOECOSISTEMA_ID) VALUES('APCOL009', 'Santuario de Flora y Fauna Cordillera de Los Picachos', 2874.94, TO_DATE('1977-05-02', 'YYYY-MM-DD'), 2.976, -74.871, 'TIEC0003');
INSERT INTO AREA_PROTEGIDA(ID, NOMBRE, EXTENSION, FECHA_CREACION, UBICACION_LATITUD, UBICACION_LONGITUD, TIPOECOSISTEMA_ID) VALUES('APCOL010', 'Santuario de Fauna y Flora Malpelo', 857, TO_DATE('1995-07-12', 'YYYY-MM-DD'), 4.0000, -81.5000, 'TIEC0012');
INSERT INTO AREA_PROTEGIDA(ID, NOMBRE, EXTENSION, FECHA_CREACION, UBICACION_LATITUD, UBICACION_LONGITUD, TIPOECOSISTEMA_ID) VALUES('APCOL011', 'Parque Nacional Natural Chingaza', 766, TO_DATE('1977-07-02', 'YYYY-MM-DD'), 4.547, -73.733, 'TIEC0008');
INSERT INTO AREA_PROTEGIDA(ID, NOMBRE, EXTENSION, FECHA_CREACION, UBICACION_LATITUD, UBICACION_LONGITUD, TIPOECOSISTEMA_ID) VALUES('APCOL012', 'Parque Nacional Natural Gorgona', 240, TO_DATE('1985-06-17', 'YYYY-MM-DD'), 2.962, -78.185, 'TIEC0015');
INSERT INTO AREA_PROTEGIDA(ID, NOMBRE, EXTENSION, FECHA_CREACION, UBICACION_LATITUD, UBICACION_LONGITUD, TIPOECOSISTEMA_ID) VALUES('APCOL013', 'Parque Nacional Natural Uramba Bahía Málaga', 470.94, TO_DATE('2010-05-04', 'YYYY-MM-DD'), 4.009, -77.240, 'TIEC0007');
INSERT INTO AREA_PROTEGIDA(ID, NOMBRE, EXTENSION, FECHA_CREACION, UBICACION_LATITUD, UBICACION_LONGITUD, TIPOECOSISTEMA_ID) VALUES('APCOL014', 'Serranía de La Macarena', 6200, TO_DATE('1991-06-04', 'YYYY-MM-DD'), 2.968, -73.900, 'TIEC0001');

INSERT INTO INDICADOR_BIODIVERSIDAD(ID, NOMBRE, DESCRIPCION) VALUES('IBDE1A01', 'Diversidad alfa', 'Mide la diversidad de especies dentro de un hábitat específico en un momento dado.');
INSERT INTO INDICADOR_BIODIVERSIDAD(ID, NOMBRE, DESCRIPCION) VALUES('IBDE1A02', 'Número de especies', 'Representa la cantidad total de especies presentes en un área o hábitat.');
INSERT INTO INDICADOR_BIODIVERSIDAD(ID, NOMBRE, DESCRIPCION) VALUES('IBDE1A03', 'Número de especies endémicas', 'Indica la cantidad de especies que son exclusivas de un área geográfica específica.');
INSERT INTO INDICADOR_BIODIVERSIDAD(ID, NOMBRE, DESCRIPCION) VALUES('IBDE1A04', 'Número de especies amenazadas', 'Cuantifica la cantidad de especies que se encuentran en riesgo de extinción o están en peligro.');
INSERT INTO INDICADOR_BIODIVERSIDAD(ID, NOMBRE, DESCRIPCION) VALUES('IBDE1A05', 'Número de especies invasoras', 'Refleja la presencia de especies exóticas que han sido introducidas en un área y que pueden tener impactos negativos en el ecosistema local.');
INSERT INTO INDICADOR_BIODIVERSIDAD(ID, NOMBRE, DESCRIPCION) VALUES('IBDE1A06', 'Margalef', 'Estima la riqueza de especies en relación con el número total de individuos presentes.');
INSERT INTO INDICADOR_BIODIVERSIDAD(ID, NOMBRE, DESCRIPCION) VALUES('IBDE1A07', 'Índice de rareza', 'Evaluación de la singularidad y escasez de especies raras o únicas presentes en un área.');
INSERT INTO INDICADOR_BIODIVERSIDAD(ID, NOMBRE, DESCRIPCION) VALUES('IBDE1A08', 'Vulnerabilidad de especies', 'Estimación del riesgo de extinción de una especie en función de su biología, historia natural y amenazas existentes.');
INSERT INTO INDICADOR_BIODIVERSIDAD(ID, NOMBRE, DESCRIPCION) VALUES('IBDE1A09', 'Diversidad Genética', 'Evalúa la diversidad genética dentro de una población o comunidad, lo que puede influir en su capacidad de adaptación y supervivencia a largo plazo.');
INSERT INTO INDICADOR_BIODIVERSIDAD(ID, NOMBRE, DESCRIPCION) VALUES('IBDE1A10', 'Resistencia Genética', 'Este índice evalúa la capacidad de una población o comunidad para resistir enfermedades, plagas u otros agentes estresantes bióticos mediante la presencia de diversidad genética dentro de la población.');
INSERT INTO INDICADOR_BIODIVERSIDAD(ID, NOMBRE, DESCRIPCION) VALUES('IBAD1B01', 'Berger-Parker', 'Indica la proporción de la abundancia total representada por la especie más abundante en un conjunto de datos.');
INSERT INTO INDICADOR_BIODIVERSIDAD(ID, NOMBRE, DESCRIPCION) VALUES('IBAD1B02', 'Fragmentación del Hábitat', 'Medida de la división y aislamiento de hábitats dentro del área protegida.');
INSERT INTO INDICADOR_BIODIVERSIDAD(ID, NOMBRE, DESCRIPCION) VALUES('IBAD1B03', 'Fragmentación del Paisaje', 'Este índice se enfoca en evaluar cómo la fragmentación del paisaje afecta la conectividad y la dispersión de especies.');
INSERT INTO INDICADOR_BIODIVERSIDAD(ID, NOMBRE, DESCRIPCION) VALUES('IBAD1B04', 'Conectividad ecológica', 'Evalúa la facilidad con la que las especies pueden moverse entre diferentes hábitats dentro del área protegida');
INSERT INTO INDICADOR_BIODIVERSIDAD(ID, NOMBRE, DESCRIPCION) VALUES('IBAD1B05', 'Diversidad Funcional', 'Este índice considera la variedad de funciones ecológicas que desempeñan las especies dentro de un ecosistema.');
INSERT INTO INDICADOR_BIODIVERSIDAD(ID, NOMBRE, DESCRIPCION) VALUES('IBSA1C01', 'Salud del hábitat', 'Evaluación del estado general del hábitat en el área protegida.');
INSERT INTO INDICADOR_BIODIVERSIDAD(ID, NOMBRE, DESCRIPCION) VALUES('IBSA1C02', 'Calidad del agua', 'Evalúa la pureza y el estado general del agua en un ecosistema, considerando parámetros físicos, químicos y biológicos.');
INSERT INTO INDICADOR_BIODIVERSIDAD(ID, NOMBRE, DESCRIPCION) VALUES('IBSA1C03', 'Calidad del aire', 'Cuantifica la pureza y el estado general del aire en un área determinada, teniendo en cuenta contaminantes y otros factores relevantes.');
INSERT INTO INDICADOR_BIODIVERSIDAD(ID, NOMBRE, DESCRIPCION) VALUES('IBSA1C04', 'Calidad del suelo', 'Indica la fertilidad, estructura y salud general del suelo en un ecosistema, considerando propiedades físicas, químicas y biológicas.');
INSERT INTO INDICADOR_BIODIVERSIDAD(ID, NOMBRE, DESCRIPCION) VALUES('IBSA1C05', 'Erosión de suelos', 'Evaluación del grado de erosión de suelos dentro del área protegida.');
INSERT INTO INDICADOR_BIODIVERSIDAD(ID, NOMBRE, DESCRIPCION) VALUES('IBSA1C06', 'Impacto de cambio climático', 'Evaluación del impacto del cambio climático en la biodiversidad del área protegida.');
INSERT INTO INDICADOR_BIODIVERSIDAD(ID, NOMBRE, DESCRIPCION) VALUES('IBSA1C07', 'Resiliencia ecológica', 'Medida de la capacidad de un ecosistema para recuperarse después de sufrir una perturbación.');
INSERT INTO INDICADOR_BIODIVERSIDAD(ID, NOMBRE, DESCRIPCION) VALUES('IBSA1C08', 'Resiliencia frente a Especies Invasoras', 'Evalúa la capacidad de un ecosistema para resistir y recuperarse de la invasión de especies exóticas, considerando la resistencia y la capacidad de recuperación de las comunidades nativas.');
INSERT INTO INDICADOR_BIODIVERSIDAD(ID, NOMBRE, DESCRIPCION) VALUES('IBSA1C09', 'Resistencia a perturbaciones', 'Medida de la capacidad de un ecosistema para mantener su estructura y funciones ante perturbaciones externas.');
INSERT INTO INDICADOR_BIODIVERSIDAD(ID, NOMBRE, DESCRIPCION) VALUES('IBSA1C10', 'Vulnerabilidad del ecosistema', 'Cuantificación del riesgo de daño o pérdida de un ecosistema debido a amenazas internas o externas.');
INSERT INTO INDICADOR_BIODIVERSIDAD(ID, NOMBRE, DESCRIPCION) VALUES('IBSA1C11', 'Índice de Salud de los Bosques', 'Evalúa la condición general de un bosque en términos de la estructura del dosel, la diversidad de especies, la regeneración y la presencia de enfermedades o plagas.');
INSERT INTO INDICADOR_BIODIVERSIDAD(ID, NOMBRE, DESCRIPCION) VALUES('IBSA1C12', 'Vulnerabilidad Climática', 'Cuantifica la susceptibilidad de un ecosistema a los efectos del cambio climático, considerando factores como la exposición, la sensibilidad y la capacidad adaptativa.');
INSERT INTO INDICADOR_BIODIVERSIDAD(ID, NOMBRE, DESCRIPCION) VALUES('IBVE1D01', 'Cobertura vegetal', 'Evaluación cuantitativa de la extensión y densidad de la vegetación en un área determinada.');
INSERT INTO INDICADOR_BIODIVERSIDAD(ID, NOMBRE, DESCRIPCION) VALUES('IBVE1D02', 'Eficiencia trófica', 'Evaluación de la transferencia de energía entre diferentes niveles tróficos en un ecosistema.');
INSERT INTO INDICADOR_BIODIVERSIDAD(ID, NOMBRE, DESCRIPCION) VALUES('IBVE1D03', 'Biomasa', 'Mide la cantidad total de materia orgánica producida por plantas y otros organismos en un área específica.');
INSERT INTO INDICADOR_BIODIVERSIDAD(ID, NOMBRE, DESCRIPCION) VALUES('IBVE1D04', 'Número de especies vegetales', 'Contar el número de especies vegetales presentes en un área específica también es un indicador importante de la biodiversidad vegetal.');
INSERT INTO INDICADOR_BIODIVERSIDAD(ID, NOMBRE, DESCRIPCION) VALUES('IBPC1E01', 'Estado de las Poblaciones', 'Evaluación del estado de las poblaciones de especies en riesgo.');
INSERT INTO INDICADOR_BIODIVERSIDAD(ID, NOMBRE, DESCRIPCION) VALUES('IBPC1E02', 'Integridad Ecológica', 'Indica la salud general del ecosistema en función de la composición y abundancia de especies presentes.');
INSERT INTO INDICADOR_BIODIVERSIDAD(ID, NOMBRE, DESCRIPCION) VALUES('IBPC1E03', 'Exito reproductiva', 'Medida de la eficacia de la reproducción y la crianza de individuos o poblaciones en un área específica.');
INSERT INTO INDICADOR_BIODIVERSIDAD(ID, NOMBRE, DESCRIPCION) VALUES('IBPC1E04', 'Mortalidad', 'Cuantificación de la tasa de mortalidad de individuos o poblaciones en un área durante un período de tiempo específico.');
INSERT INTO INDICADOR_BIODIVERSIDAD(ID, NOMBRE, DESCRIPCION) VALUES('IBPC1E05', 'Hábitat óptimo', 'Evalúa la calidad y disponibilidad de hábitats adecuados para especies específicas en un área determinada.');
INSERT INTO INDICADOR_BIODIVERSIDAD(ID, NOMBRE, DESCRIPCION) VALUES('IBPC1E06', 'Hábitat crítico', 'Indica la proporción de hábitats críticos necesarios para mantener poblaciones viables de especies en riesgo de extinción.');
INSERT INTO INDICADOR_BIODIVERSIDAD(ID, NOMBRE, DESCRIPCION) VALUES('IBPC1E07', 'Integridad de Humedales', 'Evalúa la salud y funcionalidad de los humedales dentro del área protegida.');
INSERT INTO INDICADOR_BIODIVERSIDAD(ID, NOMBRE, DESCRIPCION) VALUES('IBEC1F01', 'Shannon-Wiener', 'Cuantifica la incertidumbre asociada con la identificación de una especie aleatoria de un conjunto de especies presentes.');
INSERT INTO INDICADOR_BIODIVERSIDAD(ID, NOMBRE, DESCRIPCION) VALUES('IBEC1F02', 'Simpson', 'Mide la probabilidad de que dos individuos seleccionados al azar en una muestra pertenezcan a la misma especie.');
INSERT INTO INDICADOR_BIODIVERSIDAD(ID, NOMBRE, DESCRIPCION) VALUES('IBEC1F03', 'Biomagnificación', 'Medida de la acumulación de contaminantes a lo largo de una cadena alimentaria en un ecosistema.');
INSERT INTO INDICADOR_BIODIVERSIDAD(ID, NOMBRE, DESCRIPCION) VALUES('IBEC1F04', 'Adaptabilidad', 'Evaluación de la capacidad de una especie o comunidad para ajustarse a cambios en el entorno.');
INSERT INTO INDICADOR_BIODIVERSIDAD(ID, NOMBRE, DESCRIPCION) VALUES('IBEC1F05', 'Especialización', 'Evalúa la especialización de las especies en términos de su dependencia de recursos específicos dentro de un ecosistema.');
INSERT INTO INDICADOR_BIODIVERSIDAD(ID, NOMBRE, DESCRIPCION) VALUES('IBEC1F06', 'Invasión Biológica', 'Cuantifica la presencia y el impacto de especies invasoras en un ecosistema, considerando factores como la abundancia, la distribución y los efectos negativos en la biodiversidad nativa.');

INSERT INTO REGISTRO_INDICADOR(ID, VALOR_INDICADOR, FECHA_REGISTRO, NOTAS, AREA_PROTEGIDA_ID, INDICADOR_BIODIVERSIDAD_ID) VALUES('RIS10001', '1200', TO_DATE('2016-09-21', 'YYYY-MM-DD'), 'Este valor representa una diversidad alfa considerable en el área protegida en la fecha mencionada.', 'APCOL001', 'IBDE1A01');
INSERT INTO REGISTRO_INDICADOR(ID, VALOR_INDICADOR, FECHA_REGISTRO, NOTAS, AREA_PROTEGIDA_ID, INDICADOR_BIODIVERSIDAD_ID) VALUES('RIS10002', '42%', TO_DATE('2014-03-12', 'YYYY-MM-DD'), 'Indica que el 42% de las especies presentes en el área son endémicas, lo que resalta la importancia de conservar este hábitat único.', 'APCOL001', 'IBDE1A03');
INSERT INTO REGISTRO_INDICADOR(ID, VALOR_INDICADOR, FECHA_REGISTRO, NOTAS, AREA_PROTEGIDA_ID, INDICADOR_BIODIVERSIDAD_ID) VALUES('RIS10003', '0.88', TO_DATE('2008-07-05', 'YYYY-MM-DD'), 'La resistencia a perturbaciones del ecosistema es alta, con un coeficiente de 0.88, lo que sugiere una buena capacidad para mantener su estructura y funciones frente a impactos externos.', 'APCOL001', 'IBSA1C09');
INSERT INTO REGISTRO_INDICADOR(ID, VALOR_INDICADOR, FECHA_REGISTRO, NOTAS, AREA_PROTEGIDA_ID, INDICADOR_BIODIVERSIDAD_ID) VALUES('RIS10004', '1500', TO_DATE('2019-11-29', 'YYYY-MM-DD'), 'La calidad del suelo en el área protegida es excelente, con un valor de 1500, lo que indica una fertilidad y estructura óptimas para el mantenimiento de la biodiversidad.', 'APCOL001', 'IBSA1C04');
INSERT INTO REGISTRO_INDICADOR(ID, VALOR_INDICADOR, FECHA_REGISTRO, NOTAS, AREA_PROTEGIDA_ID, INDICADOR_BIODIVERSIDAD_ID) VALUES('RIS10005', '30%', TO_DATE('2015-06-18', 'YYYY-MM-DD'), 'La eficiencia trófica en el área es del 30%, lo que sugiere una transferencia de energía adecuada entre los diferentes niveles tróficos del ecosistema.', 'APCOL001', 'IBVE1D02');
INSERT INTO REGISTRO_INDICADOR(ID, VALOR_INDICADOR, FECHA_REGISTRO, NOTAS, AREA_PROTEGIDA_ID, INDICADOR_BIODIVERSIDAD_ID) VALUES('RIS10006', '0.65', TO_DATE('2011-04-03', 'YYYY-MM-DD'), 'La especialización de las especies en el área protegida es alta, con un coeficiente de 0.65, lo que indica una dependencia significativa de recursos específicos dentro del ecosistema.', 'APCOL001', 'IBEC1F05');
INSERT INTO REGISTRO_INDICADOR(ID, VALOR_INDICADOR, FECHA_REGISTRO, NOTAS, AREA_PROTEGIDA_ID, INDICADOR_BIODIVERSIDAD_ID) VALUES('RIS10007', '1400', TO_DATE('2016-04-25', 'YYYY-MM-DD'), 'Se ha detectado una alta presencia de especies invasoras en el área protegida.', 'APCOL002', 'IBDE1A05');
INSERT INTO REGISTRO_INDICADOR(ID, VALOR_INDICADOR, FECHA_REGISTRO, NOTAS, AREA_PROTEGIDA_ID, INDICADOR_BIODIVERSIDAD_ID) VALUES('RIS10008', '35%', TO_DATE('2011-09-08', 'YYYY-MM-DD'), 'Se observa una fragmentación significativa del hábitat en el área, lo que puede afectar la conectividad ecológica.', 'APCOL002', 'IBAD1B02');
INSERT INTO REGISTRO_INDICADOR(ID, VALOR_INDICADOR, FECHA_REGISTRO, NOTAS, AREA_PROTEGIDA_ID, INDICADOR_BIODIVERSIDAD_ID) VALUES('RIS10009', '1550', TO_DATE('2019-02-17', 'YYYY-MM-DD'), 'La calidad del suelo en el área protegida es excepcional, proporcionando un hábitat saludable para la flora y fauna nativa.', 'APCOL002', 'IBAD1B04');
INSERT INTO REGISTRO_INDICADOR(ID, VALOR_INDICADOR, FECHA_REGISTRO, NOTAS, AREA_PROTEGIDA_ID, INDICADOR_BIODIVERSIDAD_ID) VALUES('RIS10010', '0.75', TO_DATE('2013-11-30', 'YYYY-MM-DD'), 'Se ha identificado una disminución en la integridad de las poblaciones vegetales en el área protegida.', 'APCOL002', 'IBEC1F01');
INSERT INTO REGISTRO_INDICADOR(ID, VALOR_INDICADOR, FECHA_REGISTRO, NOTAS, AREA_PROTEGIDA_ID, INDICADOR_BIODIVERSIDAD_ID) VALUES('RIS10011', '670', TO_DATE('2012-05-29', 'YYYY-MM-DD'), 'Se ha registrado un aumento en la diversidad genética dentro de las poblaciones de especies endémicas en el área.', 'APCOL002', 'IBDE1A09');
INSERT INTO REGISTRO_INDICADOR(ID, VALOR_INDICADOR, FECHA_REGISTRO, NOTAS, AREA_PROTEGIDA_ID, INDICADOR_BIODIVERSIDAD_ID) VALUES('RIS10012', '0.85', TO_DATE('2017-10-11', 'YYYY-MM-DD'), 'La resistencia a perturbaciones del ecosistema ha mejorado significativamente en los últimos años.', 'APCOL002', 'IBSA1C09');
INSERT INTO REGISTRO_INDICADOR(ID, VALOR_INDICADOR, FECHA_REGISTRO, NOTAS, AREA_PROTEGIDA_ID, INDICADOR_BIODIVERSIDAD_ID) VALUES('RIS10013', '45', TO_DATE('2018-03-21', 'YYYY-MM-DD'), 'Se ha identificado una disminución en el número de especies amenazadas en el área protegida.', 'APCOL003', 'IBDE1A04');
INSERT INTO REGISTRO_INDICADOR(ID, VALOR_INDICADOR, FECHA_REGISTRO, NOTAS, AREA_PROTEGIDA_ID, INDICADOR_BIODIVERSIDAD_ID) VALUES('RIS10014', '0.58', TO_DATE('2013-06-09', 'YYYY-MM-DD'), 'Se observa una disminución en el índice de rareza en comparación con registros anteriores.', 'APCOL003', 'IBDE1A07');
INSERT INTO REGISTRO_INDICADOR(ID, VALOR_INDICADOR, FECHA_REGISTRO, NOTAS, AREA_PROTEGIDA_ID, INDICADOR_BIODIVERSIDAD_ID) VALUES('RIS10015', '0.62', TO_DATE('2020-08-14', 'YYYY-MM-DD'), 'Se ha registrado un aumento en la vulnerabilidad del ecosistema debido a perturbaciones externas.', 'APCOL003', 'IBSA1C10');
INSERT INTO REGISTRO_INDICADOR(ID, VALOR_INDICADOR, FECHA_REGISTRO, NOTAS, AREA_PROTEGIDA_ID, INDICADOR_BIODIVERSIDAD_ID) VALUES('RIS10016', '40%', TO_DATE('2015-12-30', 'YYYY-MM-DD'), 'La eficiencia trófica en el área es del 40%, lo que sugiere una transferencia de energía adecuada entre los diferentes niveles tróficos del ecosistema.', 'APCOL003', 'IBVE1D02');
INSERT INTO REGISTRO_INDICADOR(ID, VALOR_INDICADOR, FECHA_REGISTRO, NOTAS, AREA_PROTEGIDA_ID, INDICADOR_BIODIVERSIDAD_ID) VALUES('RIS10017', '600', TO_DATE('2011-07-02', 'YYYY-MM-DD'), 'Se ha detectado una disminución en la diversidad genética dentro de las poblaciones de especies endémicas en el área.', 'APCOL003', 'IBDE1A09');
INSERT INTO REGISTRO_INDICADOR(ID, VALOR_INDICADOR, FECHA_REGISTRO, NOTAS, AREA_PROTEGIDA_ID, INDICADOR_BIODIVERSIDAD_ID) VALUES('RIS10018', '0.78', TO_DATE('2019-10-05', 'YYYY-MM-DD'), 'Se observa una disminución en la resistencia a perturbaciones del ecosistema, lo que puede aumentar su vulnerabilidad a eventos adversos.', 'APCOL003', 'IBSA1C09');
INSERT INTO REGISTRO_INDICADOR(ID, VALOR_INDICADOR, FECHA_REGISTRO, NOTAS, AREA_PROTEGIDA_ID, INDICADOR_BIODIVERSIDAD_ID) VALUES('RIS10019', '3200', TO_DATE('2017-09-08', 'YYYY-MM-DD'), 'Se ha observado un aumento en la biomasa en el área protegida, lo que indica una mayor producción de materia orgánica por parte de las plantas y otros organismos.', 'APCOL004', 'IBVE1D04');
INSERT INTO REGISTRO_INDICADOR(ID, VALOR_INDICADOR, FECHA_REGISTRO, NOTAS, AREA_PROTEGIDA_ID, INDICADOR_BIODIVERSIDAD_ID) VALUES('RIS10020', '0.67', TO_DATE('2014-12-16', 'YYYY-MM-DD'), 'Se ha detectado una disminución en la resiliencia frente a especies invasoras en el ecosistema, lo que puede aumentar el riesgo de impactos negativos.', 'APCOL004', 'IBSA1C08');
INSERT INTO REGISTRO_INDICADOR(ID, VALOR_INDICADOR, FECHA_REGISTRO, NOTAS, AREA_PROTEGIDA_ID, INDICADOR_BIODIVERSIDAD_ID) VALUES('RIS10021', '0.53', TO_DATE('2019-05-22', 'YYYY-MM-DD'), 'Se ha registrado una disminución en la integridad de los humedales dentro del área protegida, lo que puede afectar la salud y funcionalidad de estos ecosistemas.', 'APCOL004', 'IBPC1E07');
INSERT INTO REGISTRO_INDICADOR(ID, VALOR_INDICADOR, FECHA_REGISTRO, NOTAS, AREA_PROTEGIDA_ID, INDICADOR_BIODIVERSIDAD_ID) VALUES('RIS10022', '0.82', TO_DATE('2013-08-03', 'YYYY-MM-DD'), 'Se observa una disminución en la adaptabilidad de las especies en el área protegida, lo que puede afectar su capacidad para ajustarse a cambios en el entorno.', 'APCOL004', 'IBEC1F02');
INSERT INTO REGISTRO_INDICADOR(ID, VALOR_INDICADOR, FECHA_REGISTRO, NOTAS, AREA_PROTEGIDA_ID, INDICADOR_BIODIVERSIDAD_ID) VALUES('RIS10023', '38', TO_DATE('2020-10-30', 'YYYY-MM-DD'), 'Se ha registrado un aumento en la diversidad funcional en el área, lo que indica una mayor variedad de funciones ecológicas desempeñadas por las especies presentes.', 'APCOL004', 'IBAD1B05');
INSERT INTO REGISTRO_INDICADOR(ID, VALOR_INDICADOR, FECHA_REGISTRO, NOTAS, AREA_PROTEGIDA_ID, INDICADOR_BIODIVERSIDAD_ID) VALUES('RIS10024', '2700', TO_DATE('2011-06-14', 'YYYY-MM-DD'), 'Se observa una disminución en la cantidad de especies vegetales presentes en el área protegida, lo que puede indicar una pérdida de biodiversidad vegetal.', 'APCOL004', 'IBVE1D02');
INSERT INTO REGISTRO_INDICADOR(ID, VALOR_INDICADOR, FECHA_REGISTRO, NOTAS, AREA_PROTEGIDA_ID, INDICADOR_BIODIVERSIDAD_ID) VALUES('RIS10025', '2950', TO_DATE('2016-08-25', 'YYYY-MM-DD'), 'Se ha observado un aumento en la biomasa en el área protegida, lo que indica una mayor producción de materia orgánica por parte de las plantas y otros organismos.', 'APCOL004', 'IBVE1D04');
INSERT INTO REGISTRO_INDICADOR(ID, VALOR_INDICADOR, FECHA_REGISTRO, NOTAS, AREA_PROTEGIDA_ID, INDICADOR_BIODIVERSIDAD_ID) VALUES('RIS10026', '0.72', TO_DATE('2018-03-12', 'YYYY-MM-DD'), 'Se ha detectado una disminución en la resiliencia frente a especies invasoras en el ecosistema, lo que puede aumentar el riesgo de impactos negativos.', 'APCOL004', 'IBSA1C08');
INSERT INTO REGISTRO_INDICADOR(ID, VALOR_INDICADOR, FECHA_REGISTRO, NOTAS, AREA_PROTEGIDA_ID, INDICADOR_BIODIVERSIDAD_ID) VALUES('RIS10027', '0.61', TO_DATE('2020-11-05', 'YYYY-MM-DD'), 'Se ha registrado una disminución en la integridad de los humedales dentro del área protegida, lo que puede afectar la salud y funcionalidad de estos ecosistemas.', 'APCOL004', 'IBPC1E07');
INSERT INTO REGISTRO_INDICADOR(ID, VALOR_INDICADOR, FECHA_REGISTRO, NOTAS, AREA_PROTEGIDA_ID, INDICADOR_BIODIVERSIDAD_ID) VALUES('RIS10028', '0.88', TO_DATE('2014-06-19', 'YYYY-MM-DD'), 'Se observa una disminución en la adaptabilidad de las especies en el área protegida, lo que puede afectar su capacidad para ajustarse a cambios en el entorno.', 'APCOL004', 'IBEC1F02');
INSERT INTO REGISTRO_INDICADOR(ID, VALOR_INDICADOR, FECHA_REGISTRO, NOTAS, AREA_PROTEGIDA_ID, INDICADOR_BIODIVERSIDAD_ID) VALUES('RIS10029', '3100', TO_DATE('2017-09-30', 'YYYY-MM-DD'), 'Se ha registrado una leve disminución en la biomasa en comparación con mediciones anteriores en el área protegida.', 'APCOL004', 'IBVE1D03');
INSERT INTO REGISTRO_INDICADOR(ID, VALOR_INDICADOR, FECHA_REGISTRO, NOTAS, AREA_PROTEGIDA_ID, INDICADOR_BIODIVERSIDAD_ID) VALUES('RIS10030', '0.68', TO_DATE('2019-08-10', 'YYYY-MM-DD'), 'Se ha observado un ligero aumento en el estado de las poblaciones en el área protegida, indicando una mejora en la salud y abundancia de las especies presentes.', 'APCOL004', 'IBPC1E01');
INSERT INTO REGISTRO_INDICADOR(ID, VALOR_INDICADOR, FECHA_REGISTRO, NOTAS, AREA_PROTEGIDA_ID, INDICADOR_BIODIVERSIDAD_ID) VALUES('RIS10031', '950', TO_DATE('2017-10-18', 'YYYY-MM-DD'), 'Se ha observado un aumento en la presencia de especies invasoras en el área protegida, lo que puede afectar la diversidad nativa.', 'APCOL005', 'IBDE1A05');
INSERT INTO REGISTRO_INDICADOR(ID, VALOR_INDICADOR, FECHA_REGISTRO, NOTAS, AREA_PROTEGIDA_ID, INDICADOR_BIODIVERSIDAD_ID) VALUES('RIS10032', '0.53', TO_DATE('2015-06-30', 'YYYY-MM-DD'), 'Se ha detectado una disminución en la calidad del agua en el área protegida, posiblemente debido a la contaminación por actividades humanas.', 'APCOL005', 'IBSA1C02');
INSERT INTO REGISTRO_INDICADOR(ID, VALOR_INDICADOR, FECHA_REGISTRO, NOTAS, AREA_PROTEGIDA_ID, INDICADOR_BIODIVERSIDAD_ID) VALUES('RIS10033', '78%', TO_DATE('2020-02-14', 'YYYY-MM-DD'), 'Se ha registrado un aumento en la vulnerabilidad climática del ecosistema, lo que indica una mayor susceptibilidad a los efectos del cambio climático.', 'APCOL005', 'IBSA1C12');
INSERT INTO REGISTRO_INDICADOR(ID, VALOR_INDICADOR, FECHA_REGISTRO, NOTAS, AREA_PROTEGIDA_ID, INDICADOR_BIODIVERSIDAD_ID) VALUES('RIS10034', '65%', TO_DATE('2019-11-05', 'YYYY-MM-DD'), 'Se observa un aumento en la contaminación del aire en el área protegida, posiblemente debido a la actividad industrial cercana.', 'APCOL005', 'IBEC1F03');
INSERT INTO REGISTRO_INDICADOR(ID, VALOR_INDICADOR, FECHA_REGISTRO, NOTAS, AREA_PROTEGIDA_ID, INDICADOR_BIODIVERSIDAD_ID) VALUES('RIS10035', '4200', TO_DATE('2016-08-22', 'YYYY-MM-DD'), 'Se ha registrado un aumento en la diversidad funcional en el área, lo que indica una mayor variedad de funciones ecológicas desempeñadas por las especies presentes.', 'APCOL005', 'IBVE1D02');
INSERT INTO REGISTRO_INDICADOR(ID, VALOR_INDICADOR, FECHA_REGISTRO, NOTAS, AREA_PROTEGIDA_ID, INDICADOR_BIODIVERSIDAD_ID) VALUES('RIS10036', '0.72', TO_DATE('2018-05-10', 'YYYY-MM-DD'), 'Se ha observado una disminución en el estado de los bosques en el área protegida, posiblemente debido a la deforestación y la actividad humana.', 'APCOL005', 'IBSA1C11');
INSERT INTO REGISTRO_INDICADOR(ID, VALOR_INDICADOR, FECHA_REGISTRO, NOTAS, AREA_PROTEGIDA_ID, INDICADOR_BIODIVERSIDAD_ID) VALUES('RIS10037', '1420', TO_DATE('2018-10-15', 'YYYY-MM-DD'), 'Este valor indica una notable diversidad alfa en el Santuario de Flora y Fauna Otún Quimbaya en la fecha mencionada.', 'APCOL006', 'IBDE1A01');
INSERT INTO REGISTRO_INDICADOR(ID, VALOR_INDICADOR, FECHA_REGISTRO, NOTAS, AREA_PROTEGIDA_ID, INDICADOR_BIODIVERSIDAD_ID) VALUES('RIS10038', '0.78', TO_DATE('2013-07-29', 'YYYY-MM-DD'), 'La resiliencia ecológica en el Santuario de Flora y Fauna Otún Quimbaya es alta, con un coeficiente de 0.78.', 'APCOL006', 'IBSA1C07');
INSERT INTO REGISTRO_INDICADOR(ID, VALOR_INDICADOR, FECHA_REGISTRO, NOTAS, AREA_PROTEGIDA_ID, INDICADOR_BIODIVERSIDAD_ID) VALUES('RIS10039', '40%', TO_DATE('2010-12-05', 'YYYY-MM-DD'), 'La diversidad funcional en el Santuario de Flora y Fauna Otún Quimbaya se mantiene en un nivel del 40%, indicando una variedad de funciones ecológicas en el ecosistema.', 'APCOL006', 'IBSA1C05');
INSERT INTO REGISTRO_INDICADOR(ID, VALOR_INDICADOR, FECHA_REGISTRO, NOTAS, AREA_PROTEGIDA_ID, INDICADOR_BIODIVERSIDAD_ID) VALUES('RIS10040', '0.64', TO_DATE('2016-04-21', 'YYYY-MM-DD'), 'La tasa de mortalidad en el Santuario de Flora y Fauna Otún Quimbaya es baja, lo que sugiere condiciones favorables para la supervivencia de las poblaciones presentes en el área', 'APCOL006', 'IBPC1E04');
INSERT INTO REGISTRO_INDICADOR(ID, VALOR_INDICADOR, FECHA_REGISTRO, NOTAS, AREA_PROTEGIDA_ID, INDICADOR_BIODIVERSIDAD_ID) VALUES('RIS10041', '1285', TO_DATE(' 2019-08-02', 'YYYY-MM-DD'), 'Se observa un aumento significativo en la diversidad alfa en comparación con registros anteriores. Esto puede indicar un cambio positivo en el ecosistema del Santuario de Flora y Fauna Otún Quimbaya.', 'APCOL006', 'IBDE1A01');
INSERT INTO REGISTRO_INDICADOR(ID, VALOR_INDICADOR, FECHA_REGISTRO, NOTAS, AREA_PROTEGIDA_ID, INDICADOR_BIODIVERSIDAD_ID) VALUES('RIS10042', '0.52', TO_DATE('2012-11-17', 'YYYY-MM-DD'), 'La fragmentación del hábitat en el Santuario de Flora y Fauna Otún Quimbaya es baja, lo que favorece la conectividad entre diferentes áreas y la preservación de la diversidad biológica.', 'APCOL006', 'IBAD1B02');
INSERT INTO REGISTRO_INDICADOR(ID, VALOR_INDICADOR, FECHA_REGISTRO, NOTAS, AREA_PROTEGIDA_ID, INDICADOR_BIODIVERSIDAD_ID) VALUES('RIS10043', '870', TO_DATE(' 2017-08-12', 'YYYY-MM-DD'), 'El número de especies amenazadas en el Parque Nacional Natural Tayrona es considerable, lo que resalta la necesidad de medidas de conservación adicionales.', 'APCOL007', 'IBDE1A04');
INSERT INTO REGISTRO_INDICADOR(ID, VALOR_INDICADOR, FECHA_REGISTRO, NOTAS, AREA_PROTEGIDA_ID, INDICADOR_BIODIVERSIDAD_ID) VALUES('RIS10044', '33%', TO_DATE('2012-11-28', 'YYYY-MM-DD'), 'La cobertura vegetal en el área protegida representa el 33% del total, lo que indica un buen estado de conservación de la vegetación.', 'APCOL007', 'IBPC1E01');
INSERT INTO REGISTRO_INDICADOR(ID, VALOR_INDICADOR, FECHA_REGISTRO, NOTAS, AREA_PROTEGIDA_ID, INDICADOR_BIODIVERSIDAD_ID) VALUES('RIS10045', '0.95', TO_DATE('2019-05-03', 'YYYY-MM-DD'), 'La salud del hábitat en el Parque Nacional Natural Tayrona es excelente, con un coeficiente de 0.95, lo que indica un ecosistema saludable y funcional.', 'APCOL007', 'IBSA1C01');
INSERT INTO REGISTRO_INDICADOR(ID, VALOR_INDICADOR, FECHA_REGISTRO, NOTAS, AREA_PROTEGIDA_ID, INDICADOR_BIODIVERSIDAD_ID) VALUES('RIS10046', '48%', TO_DATE('2015-06-30', 'YYYY-MM-DD'), 'La adaptabilidad de las especies en el Parque Nacional Natural Tayrona es moderada, con un coeficiente de 0.48, lo que sugiere cierta capacidad para ajustarse a cambios en el entorno.', 'APCOL007', 'IBEC1F04');
INSERT INTO REGISTRO_INDICADOR(ID, VALOR_INDICADOR, FECHA_REGISTRO, NOTAS, AREA_PROTEGIDA_ID, INDICADOR_BIODIVERSIDAD_ID) VALUES('RIS10047', '0.78', TO_DATE('2011-09-17', 'YYYY-MM-DD'), 'El índice de salud de los bosques en el Parque Nacional Natural Tayrona es alto, con un valor de 0.78, lo que indica una buena condición general del bosque en términos de estructura y diversidad.', 'APCOL007', 'IBSA1C11');
INSERT INTO REGISTRO_INDICADOR(ID, VALOR_INDICADOR, FECHA_REGISTRO, NOTAS, AREA_PROTEGIDA_ID, INDICADOR_BIODIVERSIDAD_ID) VALUES('RIS10048', '0.62', TO_DATE('2018-03-22', 'YYYY-MM-DD'), 'La calidad del aire en el Parque Nacional Natural Tayrona es moderada, con un índice de 0.62, lo que sugiere una presencia de contaminantes pero dentro de límites aceptables para la biodiversidad.', 'APCOL007', 'IBSA1C03');
INSERT INTO REGISTRO_INDICADOR(ID, VALOR_INDICADOR, FECHA_REGISTRO, NOTAS, AREA_PROTEGIDA_ID, INDICADOR_BIODIVERSIDAD_ID) VALUES('RIS10049', '15%', TO_DATE('2018-10-05', 'YYYY-MM-DD'), 'Se ha observado la presencia de especies invasoras en el área protegida, lo que sugiere la necesidad de monitoreo y gestión continua para preservar la integridad del ecosistema.', 'APCOL008', 'IBDE1A05');
INSERT INTO REGISTRO_INDICADOR(ID, VALOR_INDICADOR, FECHA_REGISTRO, NOTAS, AREA_PROTEGIDA_ID, INDICADOR_BIODIVERSIDAD_ID) VALUES('RIS10050', '1300', TO_DATE('2012-07-20', 'YYYY-MM-DD'), 'Los análisis del suelo revelan condiciones favorables para el mantenimiento de la biodiversidad, lo que resalta la importancia de proteger este recurso fundamental.', 'APCOL008', 'IBSA1C04');
INSERT INTO REGISTRO_INDICADOR(ID, VALOR_INDICADOR, FECHA_REGISTRO, NOTAS, AREA_PROTEGIDA_ID, INDICADOR_BIODIVERSIDAD_ID) VALUES('RIS10051', '0.75', TO_DATE('2016-04-30', 'YYYY-MM-DD'), 'La resiliencia frente a especies invasoras en el área protegida sugiere una capacidad significativa para mantener la estabilidad del ecosistema en presencia de perturbaciones externas.', 'APCOL008', 'IBSA1C08');
INSERT INTO REGISTRO_INDICADOR(ID, VALOR_INDICADOR, FECHA_REGISTRO, NOTAS, AREA_PROTEGIDA_ID, INDICADOR_BIODIVERSIDAD_ID) VALUES('RIS10052', '0.63', TO_DATE('2013-12-15', 'YYYY-MM-DD'), 'La especialización de las especies en el área protegida destaca la adaptación de la comunidad biológica a condiciones específicas del entorno, lo que subraya la importancia de conservar la diversidad genética.', 'APCOL008', 'IBEC1F05');
INSERT INTO REGISTRO_INDICADOR(ID, VALOR_INDICADOR, FECHA_REGISTRO, NOTAS, AREA_PROTEGIDA_ID, INDICADOR_BIODIVERSIDAD_ID) VALUES('RIS10053', '50%', TO_DATE('2019-08-12', 'YYYY-MM-DD'), 'La presencia significativa de especies endémicas en el área protegida resalta su valor único en términos de conservación de la biodiversidad regional.', 'APCOL008', 'IBEC1F05');
INSERT INTO REGISTRO_INDICADOR(ID, VALOR_INDICADOR, FECHA_REGISTRO, NOTAS, AREA_PROTEGIDA_ID, INDICADOR_BIODIVERSIDAD_ID) VALUES('RIS10054', '1100', TO_DATE('2010-05-28', 'YYYY-MM-DD'), 'Se ha registrado una riqueza considerable de especies en el área protegida, lo que indica la importancia de conservar y proteger este hábitat diverso.', 'APCOL008', 'IBSA1C07');
INSERT INTO REGISTRO_INDICADOR(ID, VALOR_INDICADOR, FECHA_REGISTRO, NOTAS, AREA_PROTEGIDA_ID, INDICADOR_BIODIVERSIDAD_ID) VALUES('RIS10055', '0.82', TO_DATE('2017-09-03', 'YYYY-MM-DD'), 'Los análisis de calidad del agua sugieren condiciones óptimas para el mantenimiento de la vida acuática y la salud del ecosistema en general.', 'APCOL009', 'IBDE1A03');
INSERT INTO REGISTRO_INDICADOR(ID, VALOR_INDICADOR, FECHA_REGISTRO, NOTAS, AREA_PROTEGIDA_ID, INDICADOR_BIODIVERSIDAD_ID) VALUES('RIS10056', '27%', TO_DATE('2014-11-21', 'YYYY-MM-DD'), 'La cantidad de biomasa presente en el área protegida indica una productividad saludable del ecosistema, lo que favorece la estabilidad de las cadenas tróficas y la diversidad biológica.', 'APCOL009', 'IBDE1A07');
INSERT INTO REGISTRO_INDICADOR(ID, VALOR_INDICADOR, FECHA_REGISTRO, NOTAS, AREA_PROTEGIDA_ID, INDICADOR_BIODIVERSIDAD_ID) VALUES('RIS10057', '0.68', TO_DATE('2015-06-07', 'YYYY-MM-DD'), 'La resiliencia del ecosistema frente a especies invasoras sugiere una capacidad significativa para mantener la estructura y función del hábitat en presencia de amenazas externas.', 'APCOL009', 'IBSA1C03');
INSERT INTO REGISTRO_INDICADOR(ID, VALOR_INDICADOR, FECHA_REGISTRO, NOTAS, AREA_PROTEGIDA_ID, INDICADOR_BIODIVERSIDAD_ID) VALUES('RIS10058', '0.75', TO_DATE('2011-10-09', 'YYYY-MM-DD'), 'La capacidad de adaptación del ecosistema a perturbaciones sugiere una respuesta efectiva a los cambios ambientales, lo que resalta la importancia de mantener la integridad del hábitat para garantizar su salud a largo plazo.', 'APCOL009', 'IBVE1D03');
INSERT INTO REGISTRO_INDICADOR(ID, VALOR_INDICADOR, FECHA_REGISTRO, NOTAS, AREA_PROTEGIDA_ID, INDICADOR_BIODIVERSIDAD_ID) VALUES('RIS10059', '290', TO_DATE('2013-05-20', 'YYYY-MM-DD'), 'La resiliencia del ecosistema frente a especies invasoras es alta, indicando una capacidad significativa para mantener la estructura y función del hábitat ante amenazas externas.', 'APCOL009', 'IBSA1C08');
INSERT INTO REGISTRO_INDICADOR(ID, VALOR_INDICADOR, FECHA_REGISTRO, NOTAS, AREA_PROTEGIDA_ID, INDICADOR_BIODIVERSIDAD_ID) VALUES('RIS10060', '80%', TO_DATE('2018-09-10', 'YYYY-MM-DD'), 'El ecosistema muestra una capacidad moderada de adaptación a perturbaciones, destacando la importancia de implementar medidas de conservación para fortalecer su resiliencia ante cambios ambientales.', 'APCOL009', 'IBEC1F04');
INSERT INTO REGISTRO_INDICADOR(ID, VALOR_INDICADOR, FECHA_REGISTRO, NOTAS, AREA_PROTEGIDA_ID, INDICADOR_BIODIVERSIDAD_ID) VALUES('RIS10061', '480', TO_DATE('2010-06-15', 'YYYY-MM-DD'), 'Se ha observado un aumento en el número de especies amenazadas en el área protegida.', 'APCOL010', 'IBDE1A04');
INSERT INTO REGISTRO_INDICADOR(ID, VALOR_INDICADOR, FECHA_REGISTRO, NOTAS, AREA_PROTEGIDA_ID, INDICADOR_BIODIVERSIDAD_ID) VALUES('RIS10062', '0.75', TO_DATE('2019-11-30', 'YYYY-MM-DD'), 'Se ha identificado una mejora en la resistencia a perturbaciones del ecosistema en el área.', 'APCOL010', 'IBSA1C09');
INSERT INTO REGISTRO_INDICADOR(ID, VALOR_INDICADOR, FECHA_REGISTRO, NOTAS, AREA_PROTEGIDA_ID, INDICADOR_BIODIVERSIDAD_ID) VALUES('RIS10063', '0.62', TO_DATE('2008-04-23', 'YYYY-MM-DD'), 'La salud general del bosque en el área protegida se encuentra en riesgo debido a la fragmentación del paisaje.', 'APCOL010', 'IBSA1C11');
INSERT INTO REGISTRO_INDICADOR(ID, VALOR_INDICADOR, FECHA_REGISTRO, NOTAS, AREA_PROTEGIDA_ID, INDICADOR_BIODIVERSIDAD_ID) VALUES('RIS10064', '32%', TO_DATE('2015-08-02', 'YYYY-MM-DD'), 'Se ha registrado un aumento en la diversidad funcional en el ecosistema del área protegida.', 'APCOL010', 'IBAD1B01');
INSERT INTO REGISTRO_INDICADOR(ID, VALOR_INDICADOR, FECHA_REGISTRO, NOTAS, AREA_PROTEGIDA_ID, INDICADOR_BIODIVERSIDAD_ID) VALUES('RIS10065', '1600', TO_DATE('2012-10-18', 'YYYY-MM-DD'), 'La calidad del suelo en el área protegida es óptima para el desarrollo de la flora y fauna local.', 'APCOL010', 'IBAD1B04');
INSERT INTO REGISTRO_INDICADOR(ID, VALOR_INDICADOR, FECHA_REGISTRO, NOTAS, AREA_PROTEGIDA_ID, INDICADOR_BIODIVERSIDAD_ID) VALUES('RIS10066', '0.81', TO_DATE('2022-09-07', 'YYYY-MM-DD'), 'Se ha observado una mejora en la integridad de los humedales dentro del área protegida.', 'APCOL010', 'IBSA1C07');
INSERT INTO REGISTRO_INDICADOR(ID, VALOR_INDICADOR, FECHA_REGISTRO, NOTAS, AREA_PROTEGIDA_ID, INDICADOR_BIODIVERSIDAD_ID) VALUES('RIS10067', '1250', TO_DATE('2016-04-25', 'YYYY-MM-DD'), 'Se ha detectado una alta presencia de especies invasoras en el área protegida.', 'APCOL011', 'IBDE1A09');
INSERT INTO REGISTRO_INDICADOR(ID, VALOR_INDICADOR, FECHA_REGISTRO, NOTAS, AREA_PROTEGIDA_ID, INDICADOR_BIODIVERSIDAD_ID) VALUES('RIS10068', '0.72', TO_DATE('2011-09-08', 'YYYY-MM-DD'), 'Se observa una fragmentación significativa del hábitat en el área, lo que puede afectar la conectividad ecológica.', 'APCOL011', 'IBSA1C11');
INSERT INTO REGISTRO_INDICADOR(ID, VALOR_INDICADOR, FECHA_REGISTRO, NOTAS, AREA_PROTEGIDA_ID, INDICADOR_BIODIVERSIDAD_ID) VALUES('RIS10069', '1630', TO_DATE('2019-02-17', 'YYYY-MM-DD'), 'La calidad del suelo en el área protegida es excepcional, proporcionando un hábitat saludable para la flora y fauna nativa.', 'APCOL011', 'IBSA1C09');
INSERT INTO REGISTRO_INDICADOR(ID, VALOR_INDICADOR, FECHA_REGISTRO, NOTAS, AREA_PROTEGIDA_ID, INDICADOR_BIODIVERSIDAD_ID) VALUES('RIS10070', '0.64', TO_DATE('2013-11-30', 'YYYY-MM-DD'), 'Se ha identificado una disminución en la integridad de las poblaciones vegetales en el área protegida.', 'APCOL011', 'IBSA1C06');
INSERT INTO REGISTRO_INDICADOR(ID, VALOR_INDICADOR, FECHA_REGISTRO, NOTAS, AREA_PROTEGIDA_ID, INDICADOR_BIODIVERSIDAD_ID) VALUES('RIS10071', '88%', TO_DATE('2012-05-29', 'YYYY-MM-DD'), 'Se ha registrado un aumento en la diversidad genética dentro de las poblaciones de especies endémicas en el área.', 'APCOL011', 'IBSA1C07');
INSERT INTO REGISTRO_INDICADOR(ID, VALOR_INDICADOR, FECHA_REGISTRO, NOTAS, AREA_PROTEGIDA_ID, INDICADOR_BIODIVERSIDAD_ID) VALUES('RIS10072', '4900', TO_DATE('2017-10-11', 'YYYY-MM-DD'), 'La resistencia a perturbaciones del ecosistema ha mejorado significativamente en los últimos años.', 'APCOL011', 'IBVE1D03');
INSERT INTO REGISTRO_INDICADOR(ID, VALOR_INDICADOR, FECHA_REGISTRO, NOTAS, AREA_PROTEGIDA_ID, INDICADOR_BIODIVERSIDAD_ID) VALUES('RIS10073', '63%', TO_DATE('2008-03-11', 'YYYY-MM-DD'), ' Se ha registrado una disminución en la cobertura vegetal del área protegida, lo que sugiere una mayor fragmentación del paisaje', 'APCOL012', 'IBVE1D04');
INSERT INTO REGISTRO_INDICADOR(ID, VALOR_INDICADOR, FECHA_REGISTRO, NOTAS, AREA_PROTEGIDA_ID, INDICADOR_BIODIVERSIDAD_ID) VALUES('RIS10074', '458', TO_DATE('2013-07-26', 'YYYY-MM-DD'), 'Se ha observado una fragmentación del paisaje en el área protegida, indicando una división y aislamiento de los hábitats dentro del área. Esta fragmentación puede reducir la conectividad ecológica.', 'APCOL012', 'IBSA1C10');
INSERT INTO REGISTRO_INDICADOR(ID, VALOR_INDICADOR, FECHA_REGISTRO, NOTAS, AREA_PROTEGIDA_ID, INDICADOR_BIODIVERSIDAD_ID) VALUES('RIS10075', '0.42', TO_DATE('2018-11-09', 'YYYY-MM-DD'), 'Sugiere que el área es susceptible a los efectos del cambio climático, como el aumento de las temperaturas, cambios en los patrones de precipitación y eventos climáticos extremos, lo que puede afectar negativamente la biodiversidad.', 'APCOL012', 'IBSA1C12');
INSERT INTO REGISTRO_INDICADOR(ID, VALOR_INDICADOR, FECHA_REGISTRO, NOTAS, AREA_PROTEGIDA_ID, INDICADOR_BIODIVERSIDAD_ID) VALUES('RIS10076', '6%', TO_DATE('2010-12-03', 'YYYY-MM-DD'), 'La calidad del suelo en el área protegida ha mostrado una ligera mejora. Esto indica una fertilidad y estructura mejoradas del suelo, lo que contribuye al mantenimiento de la biodiversidad y la salud del ecosistema.', 'APCOL012', 'IBSA1C09');
INSERT INTO REGISTRO_INDICADOR(ID, VALOR_INDICADOR, FECHA_REGISTRO, NOTAS, AREA_PROTEGIDA_ID, INDICADOR_BIODIVERSIDAD_ID) VALUES('RIS10077', '0.57', TO_DATE('2019-05-22', 'YYYY-MM-DD'), 'La salud del hábitat en el área protegida se ha visto afectada por la actividad humana, lo que ha disminuido la capacidad del ecosistema para resistir y recuperarse de la invasión de especies exóticas.', 'APCOL012', 'IBSA1C08');
INSERT INTO REGISTRO_INDICADOR(ID, VALOR_INDICADOR, FECHA_REGISTRO, NOTAS, AREA_PROTEGIDA_ID, INDICADOR_BIODIVERSIDAD_ID) VALUES('RIS10078', '0.86', TO_DATE('2009-09-17', 'YYYY-MM-DD'), ' Indica una mayor capacidad del ecosistema para mantener su estructura y funciones frente a perturbaciones externas, como incendios forestales, sequías o disturbios antropogénicos.', 'APCOL012', 'IBEC1F03');
INSERT INTO REGISTRO_INDICADOR(ID, VALOR_INDICADOR, FECHA_REGISTRO, NOTAS, AREA_PROTEGIDA_ID, INDICADOR_BIODIVERSIDAD_ID) VALUES('RIS10079', '32%', TO_DATE('2012-03-21', 'YYYY-MM-DD'), 'Se ha detectado una disminución en el número de especies endémicas en el área protegida.', 'APCOL013', 'IBDE1A03');
INSERT INTO REGISTRO_INDICADOR(ID, VALOR_INDICADOR, FECHA_REGISTRO, NOTAS, AREA_PROTEGIDA_ID, INDICADOR_BIODIVERSIDAD_ID) VALUES('RIS10080', '0.88', TO_DATE('2016-07-14', 'YYYY-MM-DD'), 'La salud general de los bosques en el área protegida se encuentra en un estado óptimo.', 'APCOL013', 'IBSA1C11');
INSERT INTO REGISTRO_INDICADOR(ID, VALOR_INDICADOR, FECHA_REGISTRO, NOTAS, AREA_PROTEGIDA_ID, INDICADOR_BIODIVERSIDAD_ID) VALUES('RIS10081', '0.75', TO_DATE('2020-11-05', 'YYYY-MM-DD'), 'La resistencia frente a especies invasoras ha mejorado en el ecosistema local.', 'APCOL013', 'IBSA1C08');
INSERT INTO REGISTRO_INDICADOR(ID, VALOR_INDICADOR, FECHA_REGISTRO, NOTAS, AREA_PROTEGIDA_ID, INDICADOR_BIODIVERSIDAD_ID) VALUES('RIS10082', '0.65', TO_DATE('2014-09-18', 'YYYY-MM-DD'), 'Se observa una alta fragmentación del paisaje en el área, lo que puede afectar la dispersión de especies.', 'APCOL013', 'IBEC1F03');
INSERT INTO REGISTRO_INDICADOR(ID, VALOR_INDICADOR, FECHA_REGISTRO, NOTAS, AREA_PROTEGIDA_ID, INDICADOR_BIODIVERSIDAD_ID) VALUES('RIS10083', '2600', TO_DATE('2018-03-02', 'YYYY-MM-DD'), 'Se ha registrado un aumento en el número de especies amenazadas en el área protegida.', 'APCOL013', 'IBDE1A08');
INSERT INTO REGISTRO_INDICADOR(ID, VALOR_INDICADOR, FECHA_REGISTRO, NOTAS, AREA_PROTEGIDA_ID, INDICADOR_BIODIVERSIDAD_ID) VALUES('RIS10084', '40%', TO_DATE('2010-12-09', 'YYYY-MM-DD'), 'Se observa una disminución en la conectividad ecológica en el área protegida.', 'APCOL013', 'IBAD1B02');
INSERT INTO REGISTRO_INDICADOR(ID, VALOR_INDICADOR, FECHA_REGISTRO, NOTAS, AREA_PROTEGIDA_ID, INDICADOR_BIODIVERSIDAD_ID) VALUES('RIS10085', '310', TO_DATE('2012-09-28', 'YYYY-MM-DD'), 'Se ha registrado un aumento en el número de especies amenazadas en el área protegida.', 'APCOL014', 'IBDE1A04');
INSERT INTO REGISTRO_INDICADOR(ID, VALOR_INDICADOR, FECHA_REGISTRO, NOTAS, AREA_PROTEGIDA_ID, INDICADOR_BIODIVERSIDAD_ID) VALUES('RIS10086', '0.68', TO_DATE('2018-05-07', 'YYYY-MM-DD'), 'Se observa una fragmentación significativa en los humedales del área, lo que puede afectar su funcionalidad.', 'APCOL014', 'IBPC1E02');
INSERT INTO REGISTRO_INDICADOR(ID, VALOR_INDICADOR, FECHA_REGISTRO, NOTAS, AREA_PROTEGIDA_ID, INDICADOR_BIODIVERSIDAD_ID) VALUES('RIS10087', '175', TO_DATE('2011-07-18', 'YYYY-MM-DD'), 'Se ha detectado un aumento en la erosión de suelos en el área protegida.', 'APCOL014', 'IBSA1C06');
INSERT INTO REGISTRO_INDICADOR(ID, VALOR_INDICADOR, FECHA_REGISTRO, NOTAS, AREA_PROTEGIDA_ID, INDICADOR_BIODIVERSIDAD_ID) VALUES('RIS10088', '15%', TO_DATE('2014-12-01', 'YYYY-MM-DD'), 'Se ha observado un aumento en la mortalidad de especies en el área protegida.', 'APCOL014', 'IBAD1B03');
INSERT INTO REGISTRO_INDICADOR(ID, VALOR_INDICADOR, FECHA_REGISTRO, NOTAS, AREA_PROTEGIDA_ID, INDICADOR_BIODIVERSIDAD_ID) VALUES('RIS10089', '30%', TO_DATE('2022-08-19', 'YYYY-MM-DD'), 'Se ha registrado un aumento en el número de especies invasoras en el área protegida.', 'APCOL014', 'IBAD1B02');
INSERT INTO REGISTRO_INDICADOR(ID, VALOR_INDICADOR, FECHA_REGISTRO, NOTAS, AREA_PROTEGIDA_ID, INDICADOR_BIODIVERSIDAD_ID) VALUES('RIS10090', '0.72', TO_DATE('2017-03-06', 'YYYY-MM-DD'), 'Se ha observado un aumento en la diversidad funcional en el área protegida.', 'APCOL014', 'IBAD1B05');

INSERT INTO ACTIVIDAD_CONSERVACION(ID, NOMBRE, DESCRIPCION, FECHA_REALIZACION, AREA_PROTEGIDA_ID) VALUES('ACTC0001', 'Reforestacion y restauracion de bosques', 'Esta actividad consiste en plantar arboles y restaurar areas boscosas para aumentar la cobertura forestal.', TO_DATE('2022-03-01', 'YYYY-MM-DD'), 'APCOL007');
INSERT INTO ACTIVIDAD_CONSERVACION(ID, NOMBRE, DESCRIPCION, FECHA_REALIZACION, AREA_PROTEGIDA_ID) VALUES('ACTC0002', 'Captacion y almacenamiento de agua', 'Se trata de desarrollar sistemas para la captacion y almacenamiento de agua, asegurando su disponibilidad.', TO_DATE('2021-11-15', 'YYYY-MM-DD'), 'APCOL005');
INSERT INTO ACTIVIDAD_CONSERVACION(ID, NOMBRE, DESCRIPCION, FECHA_REALIZACION, AREA_PROTEGIDA_ID) VALUES('ACTC0003', 'Gestion sostenible de recursos', 'Implica administrar de manera responsable los recursos naturales para su uso sostenible a largo plazo.', TO_DATE('2023-05-20', 'YYYY-MM-DD'), 'APCOL004');
INSERT INTO ACTIVIDAD_CONSERVACION(ID, NOMBRE, DESCRIPCION, FECHA_REALIZACION, AREA_PROTEGIDA_ID) VALUES('ACTC0004', 'Tratamiento de aguas residuales', 'Proceso de tratamiento para eliminar contaminantes y mejorar la calidad del agua antes de su liberacion al ambiente.', TO_DATE('2020-09-10', 'YYYY-MM-DD'), 'APCOL013');
INSERT INTO ACTIVIDAD_CONSERVACION(ID, NOMBRE, DESCRIPCION, FECHA_REALIZACION, AREA_PROTEGIDA_ID) VALUES('ACTC0005', 'Practicas agricolas organicas', 'Promueve el uso de metodos agricolas que no empleen quimicos sinteticos para conservar la salud del suelo y del agua.', TO_DATE('2022-06-30', 'YYYY-MM-DD'), 'APCOL006');
INSERT INTO ACTIVIDAD_CONSERVACION(ID, NOMBRE, DESCRIPCION, FECHA_REALIZACION, AREA_PROTEGIDA_ID) VALUES('ACTC0006', 'Reduccion de emisiones industriales', 'Implementacion de tecnologias y practicas para reducir las emisiones de las industrias y minimizar su impacto ambiental.', TO_DATE('2021-08-25', 'YYYY-MM-DD'), 'APCOL003');
INSERT INTO ACTIVIDAD_CONSERVACION(ID, NOMBRE, DESCRIPCION, FECHA_REALIZACION, AREA_PROTEGIDA_ID) VALUES('ACTC0007', 'Apagado de luces innecesarias', 'Apagar luces no necesarias para reducir el consumo de energia y la huella de carbono.', TO_DATE('2023-02-12', 'YYYY-MM-DD'), 'APCOL001');
INSERT INTO ACTIVIDAD_CONSERVACION(ID, NOMBRE, DESCRIPCION, FECHA_REALIZACION, AREA_PROTEGIDA_ID) VALUES('ACTC0008', 'Control y erradicacion de especies invasoras', 'Medidas para controlar y eliminar especies invasoras que amenazan la biodiversidad nativa.', TO_DATE('2021-12-05', 'YYYY-MM-DD'), 'APCOL012');
INSERT INTO ACTIVIDAD_CONSERVACION(ID, NOMBRE, DESCRIPCION, FECHA_REALIZACION, AREA_PROTEGIDA_ID) VALUES('ACTC0009', 'Prevencion y limpieza de derrames', 'Acciones para prevenir derrames de sustancias contaminantes y limpiar areas afectadas en caso de accidentes.', TO_DATE('2022-10-18', 'YYYY-MM-DD'), 'APCOL014');
INSERT INTO ACTIVIDAD_CONSERVACION(ID, NOMBRE, DESCRIPCION, FECHA_REALIZACION, AREA_PROTEGIDA_ID) VALUES('ACTC0010', 'Implementacion de tecnicas de conservacion del suelo', 'Tecnicas para conservar la estructura y fertilidad del suelo, evitando la erosion y perdida de nutrientes.', TO_DATE('2020-07-22', 'YYYY-MM-DD'), 'APCOL011');
INSERT INTO ACTIVIDAD_CONSERVACION(ID, NOMBRE, DESCRIPCION, FECHA_REALIZACION, AREA_PROTEGIDA_ID) VALUES('ACTC0011', 'Reforzamiento de medidas de vigilancia', 'Fortalecimiento de la vigilancia y aplicacion de medidas de seguridad para proteger areas vulnerables.', TO_DATE('2021-04-14', 'YYYY-MM-DD'), 'APCOL002');
INSERT INTO ACTIVIDAD_CONSERVACION(ID, NOMBRE, DESCRIPCION, FECHA_REALIZACION, AREA_PROTEGIDA_ID) VALUES('ACTC0012', 'Refuerzo de regulaciones pesqueras', 'Refuerzo de normativas y practicas para regular la pesca y proteger los recursos marinos.', TO_DATE('2022-01-08', 'YYYY-MM-DD'), 'APCOL010');
INSERT INTO ACTIVIDAD_CONSERVACION(ID, NOMBRE, DESCRIPCION, FECHA_REALIZACION, AREA_PROTEGIDA_ID) VALUES('ACTC0013', 'Fomento de practicas de extraccion sostenible', 'Promocion de metodos de extraccion que no agoten los recursos y permitan su regeneracion natural.', TO_DATE('2023-09-03', 'YYYY-MM-DD'), 'APCOL008');
INSERT INTO ACTIVIDAD_CONSERVACION(ID, NOMBRE, DESCRIPCION, FECHA_REALIZACION, AREA_PROTEGIDA_ID) VALUES('ACTC0014', 'Planificacion urbana sostenible', 'Planificacion urbana que integra criterios ambientales para reducir el impacto negativo en los ecosistemas.', TO_DATE('2021-10-30', 'YYYY-MM-DD'), 'APCOL009');
INSERT INTO ACTIVIDAD_CONSERVACION(ID, NOMBRE, DESCRIPCION, FECHA_REALIZACION, AREA_PROTEGIDA_ID) VALUES('ACTC0015', 'Regulacion y control del turismo', 'Control y regulacion de la actividad turistica para minimizar su impacto en areas sensibles.', TO_DATE('2020-12-28', 'YYYY-MM-DD'), 'APCOL008');
INSERT INTO ACTIVIDAD_CONSERVACION(ID, NOMBRE, DESCRIPCION, FECHA_REALIZACION, AREA_PROTEGIDA_ID) VALUES('ACTC0016', 'Reduccion de emisiones de CO2', 'Reduccion de emisiones de dioxido de carbono para mitigar el cambio climatico y sus efectos.', TO_DATE('2022-08-11', 'YYYY-MM-DD'), 'APCOL004');
INSERT INTO ACTIVIDAD_CONSERVACION(ID, NOMBRE, DESCRIPCION, FECHA_REALIZACION, AREA_PROTEGIDA_ID) VALUES('ACTC0017', 'Mitigacion y adaptacion al cambio climatico', 'Acciones para adaptarse a los cambios climaticos y reducir su impacto en el medio ambiente y la sociedad.', TO_DATE('2023-07-04', 'YYYY-MM-DD'), 'APCOL007');
INSERT INTO ACTIVIDAD_CONSERVACION(ID, NOMBRE, DESCRIPCION, FECHA_REALIZACION, AREA_PROTEGIDA_ID) VALUES('ACTC0018', 'Implementacion de medidas de proteccion costera', 'Medidas para proteger las zonas costeras de la erosion y los fenomenos climaticos extremos.', TO_DATE('2020-06-15', 'YYYY-MM-DD'), 'APCOL012');
INSERT INTO ACTIVIDAD_CONSERVACION(ID, NOMBRE, DESCRIPCION, FECHA_REALIZACION, AREA_PROTEGIDA_ID) VALUES('ACTC0019', 'Restauracion de ecosistemas degradados', 'Restauracion de areas degradadas para recuperar su funcionalidad ecologica y biodiversidad.', TO_DATE('2021-03-09', 'YYYY-MM-DD'), 'APCOL010');
INSERT INTO ACTIVIDAD_CONSERVACION(ID, NOMBRE, DESCRIPCION, FECHA_REALIZACION, AREA_PROTEGIDA_ID) VALUES('ACTC0020', 'Monitoreo y control sanitario', 'Vigilancia y control sanitario para prevenir y gestionar enfermedades que afecten a la fauna y flora.', TO_DATE('2022-04-25', 'YYYY-MM-DD'), 'APCOL009');
INSERT INTO ACTIVIDAD_CONSERVACION(ID, NOMBRE, DESCRIPCION, FECHA_REALIZACION, AREA_PROTEGIDA_ID) VALUES('ACTC0021', 'Preservacion de habitats criticos', 'Preservacion de habitats criticos para conservar la diversidad biologica y garantizar la supervivencia de especies.', TO_DATE('2023-01-19', 'YYYY-MM-DD'), 'APCOL011');
INSERT INTO ACTIVIDAD_CONSERVACION(ID, NOMBRE, DESCRIPCION, FECHA_REALIZACION, AREA_PROTEGIDA_ID) VALUES('ACTC0022', 'Recoleccion y reciclaje de residuos plasticos', 'Recogida y procesamiento de residuos plasticos para reducir la contaminacion en los ecosistemas.', TO_DATE('2020-11-07', 'YYYY-MM-DD'), 'APCOL013');
INSERT INTO ACTIVIDAD_CONSERVACION(ID, NOMBRE, DESCRIPCION, FECHA_REALIZACION, AREA_PROTEGIDA_ID) VALUES('ACTC0023', 'Neutralizacion de suelos acidos', 'Neutralizacion de la acidez del suelo mediante tecnicas de correccion y manejo adecuado.', TO_DATE('2021-09-02', 'YYYY-MM-DD'), 'APCOL006');
INSERT INTO ACTIVIDAD_CONSERVACION(ID, NOMBRE, DESCRIPCION, FECHA_REALIZACION, AREA_PROTEGIDA_ID) VALUES('ACTC0024', 'Mejora de infraestructuras de drenaje', 'Mejora de la infraestructura de drenaje para prevenir inundaciones y mejorar la gestion del agua.', TO_DATE('2022-12-20', 'YYYY-MM-DD'), 'APCOL005');
INSERT INTO ACTIVIDAD_CONSERVACION(ID, NOMBRE, DESCRIPCION, FECHA_REALIZACION, AREA_PROTEGIDA_ID) VALUES('ACTC0025', 'Practicas de conservacion del suelo', 'Practicas para conservar la estructura y fertilidad del suelo, evitando la erosion y perdida de nutrientes.', TO_DATE('2023-06-08', 'YYYY-MM-DD'), 'APCOL011');
INSERT INTO ACTIVIDAD_CONSERVACION(ID, NOMBRE, DESCRIPCION, FECHA_REALIZACION, AREA_PROTEGIDA_ID) VALUES('ACTC0026', 'Planificacion urbana sostenible', 'Planificacion urbana que prioriza el desarrollo sostenible y la conservacion del medio ambiente.', TO_DATE('2020-10-02', 'YYYY-MM-DD'), 'APCOL009');
INSERT INTO ACTIVIDAD_CONSERVACION(ID, NOMBRE, DESCRIPCION, FECHA_REALIZACION, AREA_PROTEGIDA_ID) VALUES('ACTC0027', 'Aplicacion de regulaciones de construccion', 'Aplicacion de normativas para garantizar que las construcciones sean respetuosas con el entorno.', TO_DATE('2021-05-16', 'YYYY-MM-DD'), 'APCOL014');
INSERT INTO ACTIVIDAD_CONSERVACION(ID, NOMBRE, DESCRIPCION, FECHA_REALIZACION, AREA_PROTEGIDA_ID) VALUES('ACTC0028', 'Reduccion de emisiones de gases de efecto invernadero', 'Reduccion de las emisiones de gases de efecto invernadero para mitigar el cambio climatico.', TO_DATE('2022-02-28', 'YYYY-MM-DD'), 'APCOL012');
INSERT INTO ACTIVIDAD_CONSERVACION(ID, NOMBRE, DESCRIPCION, FECHA_REALIZACION, AREA_PROTEGIDA_ID) VALUES('ACTC0029', 'Prevencion y combate de incendios', 'Prevencion y extincion de incendios forestales para proteger los ecosistemas y comunidades.', TO_DATE('2023-08-14', 'YYYY-MM-DD'), 'APCOL004');
INSERT INTO ACTIVIDAD_CONSERVACION(ID, NOMBRE, DESCRIPCION, FECHA_REALIZACION, AREA_PROTEGIDA_ID) VALUES('ACTC0030', 'Creacion de corredores ecologicos', 'Creacion de corredores ecologicos para conectar areas naturales y favorecer el flujo de especies.', TO_DATE('2020-08-08', 'YYYY-MM-DD'), 'APCOL001');
INSERT INTO ACTIVIDAD_CONSERVACION(ID, NOMBRE, DESCRIPCION, FECHA_REALIZACION, AREA_PROTEGIDA_ID) VALUES('ACTC0031', 'Restauración de humedales', 'Recuperación de humedales para preservar su valor ecológico y proporcionar hábitats vitales para la fauna y flora acuática.', TO_DATE('2023-11-29', 'YYYY-MM-DD'), 'APCOL008');
INSERT INTO ACTIVIDAD_CONSERVACION(ID, NOMBRE, DESCRIPCION, FECHA_REALIZACION, AREA_PROTEGIDA_ID) VALUES('ACTC0032', 'Protección de especies en peligro', 'Implementación de medidas para conservar especies en riesgo, incluyendo programas de reproducción y protección de hábitats.', TO_DATE('2021-07-03', 'YYYY-MM-DD'), 'APCOL010');
INSERT INTO ACTIVIDAD_CONSERVACION(ID, NOMBRE, DESCRIPCION, FECHA_REALIZACION, AREA_PROTEGIDA_ID) VALUES('ACTC0033', 'Agricultura sostenible', 'Fomento de prácticas agrícolas que maximicen la producción de alimentos y minimicen el impacto ambiental en áreas protegidas.', TO_DATE('2022-09-17', 'YYYY-MM-DD'), 'APCOL011');
INSERT INTO ACTIVIDAD_CONSERVACION(ID, NOMBRE, DESCRIPCION, FECHA_REALIZACION, AREA_PROTEGIDA_ID) VALUES('ACTC0034', 'Restauración de arrecifes de coral', 'Rehabilitación de arrecifes dañados para preservar la biodiversidad marina en zonas protegidas.', TO_DATE('2020-12-12', 'YYYY-MM-DD'), 'APCOL012');
INSERT INTO ACTIVIDAD_CONSERVACION(ID, NOMBRE, DESCRIPCION, FECHA_REALIZACION, AREA_PROTEGIDA_ID) VALUES('ACTC0035', 'Educación ambiental', 'Desarrollo de programas educativos para aumentar la conciencia sobre la importancia de la conservación en áreas protegidas.', TO_DATE('2021-02-05', 'YYYY-MM-DD'), 'APCOL007');
INSERT INTO ACTIVIDAD_CONSERVACION(ID, NOMBRE, DESCRIPCION, FECHA_REALIZACION, AREA_PROTEGIDA_ID) VALUES('ACTC0036', 'Energías renovables', 'Promoción del uso de energías limpias para reducir la dependencia de combustibles fósiles en áreas protegidas.', TO_DATE('2022-05-13', 'YYYY-MM-DD'), 'APCOL006');
INSERT INTO ACTIVIDAD_CONSERVACION(ID, NOMBRE, DESCRIPCION, FECHA_REALIZACION, AREA_PROTEGIDA_ID) VALUES('ACTC0037', 'Restauración de paisajes degradados', 'Rehabilitación de paisajes degradados por actividades humanas para conservar la biodiversidad en áreas protegidas.', TO_DATE('2023-04-06', 'YYYY-MM-DD'), 'APCOL014');
INSERT INTO ACTIVIDAD_CONSERVACION(ID, NOMBRE, DESCRIPCION, FECHA_REALIZACION, AREA_PROTEGIDA_ID) VALUES('ACTC0038', 'Calidad del aire', 'Implementación de medidas para reducir la contaminación atmosférica y proteger la salud de los ecosistemas en áreas protegidas.', TO_DATE('2021-01-22', 'YYYY-MM-DD'), 'APCOL005');
INSERT INTO ACTIVIDAD_CONSERVACION(ID, NOMBRE, DESCRIPCION, FECHA_REALIZACION, AREA_PROTEGIDA_ID) VALUES('ACTC0039', 'Restauración de ríos y cuencas', 'Rehabilitación de ríos y cuencas para preservar los ecosistemas acuáticos en áreas protegidas.', TO_DATE('2022-07-07', 'YYYY-MM-DD'), 'APCOL008');
INSERT INTO ACTIVIDAD_CONSERVACION(ID, NOMBRE, DESCRIPCION, FECHA_REALIZACION, AREA_PROTEGIDA_ID) VALUES('ACTC0040', 'Reservas naturales', 'Creación y gestión de reservas para proteger hábitats importantes y fomentar la conservación en áreas protegidas.', TO_DATE('2020-09-30', 'YYYY-MM-DD'), 'APCOL010');
INSERT INTO ACTIVIDAD_CONSERVACION(ID, NOMBRE, DESCRIPCION, FECHA_REALIZACION, AREA_PROTEGIDA_ID) VALUES('ACTC0041', 'Control de deforestación', 'Implementación de políticas para frenar la pérdida de bosques y proteger la biodiversidad en áreas protegidas.', TO_DATE('2021-12-28', 'YYYY-MM-DD'), 'APCOL007');
INSERT INTO ACTIVIDAD_CONSERVACION(ID, NOMBRE, DESCRIPCION, FECHA_REALIZACION, AREA_PROTEGIDA_ID) VALUES('ACTC0042', 'Restauración de ecosistemas costeros', 'Rehabilitación de ecosistemas costeros para proteger contra la erosión y conservar la vida marina en áreas protegidas.', TO_DATE('2023-09-21', 'YYYY-MM-DD'), 'APCOL012');
INSERT INTO ACTIVIDAD_CONSERVACION(ID, NOMBRE, DESCRIPCION, FECHA_REALIZACION, AREA_PROTEGIDA_ID) VALUES('ACTC0043', 'Rehabilitación de suelos contaminados', 'Remediación de suelos afectados por contaminantes para preservar la salud de los ecosistemas en áreas protegidas.', TO_DATE('2020-11-14', 'YYYY-MM-DD'), 'APCOL004');
INSERT INTO ACTIVIDAD_CONSERVACION(ID, NOMBRE, DESCRIPCION, FECHA_REALIZACION, AREA_PROTEGIDA_ID) VALUES('ACTC0044', 'Transporte verde', 'Promoción de medios de transporte sostenibles para reducir las emisiones y proteger la calidad del aire en áreas protegidas.', TO_DATE('2022-03-17', 'YYYY-MM-DD'), 'APCOL014');
INSERT INTO ACTIVIDAD_CONSERVACION(ID, NOMBRE, DESCRIPCION, FECHA_REALIZACION, AREA_PROTEGIDA_ID) VALUES('ACTC0045', 'Restauración de corales blanqueados', 'Rehabilitación de corales afectados por el blanqueamiento para preservar la biodiversidad marina en áreas protegidas.', TO_DATE('2021-08-02', 'YYYY-MM-DD'), 'APCOL010');
INSERT INTO ACTIVIDAD_CONSERVACION(ID, NOMBRE, DESCRIPCION, FECHA_REALIZACION, AREA_PROTEGIDA_ID) VALUES('ACTC0046', 'Consumo responsable', 'Fomento del consumo consciente para reducir la generación de residuos y proteger los recursos naturales en áreas protegidas.', TO_DATE('2022-01-31', 'YYYY-MM-DD'), 'APCOL013');
INSERT INTO ACTIVIDAD_CONSERVACION(ID, NOMBRE, DESCRIPCION, FECHA_REALIZACION, AREA_PROTEGIDA_ID) VALUES('ACTC0047', 'Restauración de sistemas fluviales', 'Rehabilitación de ríos y arroyos para mejorar la calidad del agua y preservar los ecosistemas acuáticos en áreas protegidas.', TO_DATE('2023-10-25', 'YYYY-MM-DD'), 'APCOL008');
INSERT INTO ACTIVIDAD_CONSERVACION(ID, NOMBRE, DESCRIPCION, FECHA_REALIZACION, AREA_PROTEGIDA_ID) VALUES('ACTC0048', 'Biodiversidad urbana', 'Conservación de la biodiversidad en entornos urbanos cercanos a áreas protegidas para promover la coexistencia entre humanos y vida silvestre.', TO_DATE('2020-12-19', 'YYYY-MM-DD'), 'APCOL001');
INSERT INTO ACTIVIDAD_CONSERVACION(ID, NOMBRE, DESCRIPCION, FECHA_REALIZACION, AREA_PROTEGIDA_ID) VALUES('ACTC0049', 'Restauración de turberas', 'Rehabilitación de turberas dañadas para conservar el carbono almacenado y preservar hábitats especiales en áreas protegidas.', TO_DATE('2021-05-08', 'YYYY-MM-DD'), 'APCOL009');
INSERT INTO ACTIVIDAD_CONSERVACION(ID, NOMBRE, DESCRIPCION, FECHA_REALIZACION, AREA_PROTEGIDA_ID) VALUES('ACTC0050', 'Ecoturismo responsable', 'Promoción de actividades turísticas que respeten el medio ambiente y beneficien a las comunidades locales en áreas protegidas.', TO_DATE('2022-02-19', 'YYYY-MM-DD'), 'APCOL007');

INSERT INTO AMENAZA_RIESGO(ID, NOMBRE, DESCRIPCION) VALUES('AMRIE001', 'Deforestación', 'Proceso de eliminación de bosques o áreas arboladas, generalmente debido a actividades humanas como la agricultura, la minería o la urbanización.');
INSERT INTO AMENAZA_RIESGO(ID, NOMBRE, DESCRIPCION) VALUES('AMRIE002', 'Sequías', 'Periodos prolongados de tiempo seco que resultan en la escasez de agua.');
INSERT INTO AMENAZA_RIESGO(ID, NOMBRE, DESCRIPCION) VALUES('AMRIE003', 'Sobreexplotación', 'Extracción o uso excesivo de recursos naturales más allá de su capacidad de regeneración.');
INSERT INTO AMENAZA_RIESGO(ID, NOMBRE, DESCRIPCION) VALUES('AMRIE004', 'Contaminación de aguas', 'Introducción de sustancias nocivas, como productos químicos o desechos, en cuerpos de agua, lo que afecta la calidad del agua y la vida acuática.');
INSERT INTO AMENAZA_RIESGO(ID, NOMBRE, DESCRIPCION) VALUES('AMRIE005', 'Contaminación de suelo', 'Acumulación de sustancias químicas o materiales tóxicos en el suelo, lo que puede afectar la salud de las plantas, animales y humanos.');
INSERT INTO AMENAZA_RIESGO(ID, NOMBRE, DESCRIPCION) VALUES('AMRIE006', 'Contaminación atmosférica', 'Presencia de contaminantes en el aire, como gases de escape de vehículos, humo de fábricas y emisiones industriales, que pueden tener efectos negativos en la salud humana y el medio ambiente.');
INSERT INTO AMENAZA_RIESGO(ID, NOMBRE, DESCRIPCION) VALUES('AMRIE007', 'Contaminación lumínica', 'Exceso de iluminación artificial que interfiere con los ciclos naturales de luz y oscuridad, afectando la vida silvestre y la visibilidad del cielo nocturno.');
INSERT INTO AMENAZA_RIESGO(ID, NOMBRE, DESCRIPCION) VALUES('AMRIE008', 'Especies invasoras', 'Organismos introducidos que no son nativos de un ecosistema y que tienen un impacto negativo en las especies autóctonas y en el equilibrio del ecosistema.');
INSERT INTO AMENAZA_RIESGO(ID, NOMBRE, DESCRIPCION) VALUES('AMRIE009', 'Vertidos de petróleo', 'Liberación accidental o intencionada de petróleo en cuerpos de agua, lo que provoca contaminación y daños en los ecosistemas acuáticos y costeros.');
INSERT INTO AMENAZA_RIESGO(ID, NOMBRE, DESCRIPCION) VALUES('AMRIE010', 'Erosión de suelo', 'Pérdida de la capa superior del suelo debido a la acción del viento, el agua y otras fuerzas naturales o humanas, lo que puede provocar la degradación del suelo y la pérdida de la fertilidad.');
INSERT INTO AMENAZA_RIESGO(ID, NOMBRE, DESCRIPCION) VALUES('AMRIE011', 'Caza furtiva', 'Captura o caza ilegal de animales, generalmente para su comercio ilegal, lo que amenaza la supervivencia de especies en peligro de extinción.');
INSERT INTO AMENAZA_RIESGO(ID, NOMBRE, DESCRIPCION) VALUES('AMRIE012', 'Pesca ilegal', 'Captura de peces de manera ilegal, sin seguir las regulaciones pesqueras, lo que puede conducir a la sobreexplotación de las poblaciones de peces y al agotamiento de los recursos pesqueros.');
INSERT INTO AMENAZA_RIESGO(ID, NOMBRE, DESCRIPCION) VALUES('AMRIE013', 'Extracción de recursos', 'Utilización excesiva o no sostenible de recursos naturales, como minerales, madera y agua, que puede agotar los recursos y dañar los ecosistemas.');
INSERT INTO AMENAZA_RIESGO(ID, NOMBRE, DESCRIPCION) VALUES('AMRIE014', 'Construcción', 'Expansión de infraestructuras humanas, como carreteras, edificios y represas, que puede resultar en la pérdida o degradación del hábitat natural.');
INSERT INTO AMENAZA_RIESGO(ID, NOMBRE, DESCRIPCION) VALUES('AMRIE015', 'Turismo no regulado', 'Impactos negativos del turismo sin control sobre los ecosistemas naturales, como la degradación del paisaje, la pérdida de biodiversidad y la alteración de los hábitats.');
INSERT INTO AMENAZA_RIESGO(ID, NOMBRE, DESCRIPCION) VALUES('AMRIE016', 'Acidificación de océanos', 'Aumento de la acidez del océano debido a la absorción de dióxido de carbono atmosférico, lo que puede tener efectos perjudiciales en los organismos marinos y los ecosistemas.');
INSERT INTO AMENAZA_RIESGO(ID, NOMBRE, DESCRIPCION) VALUES('AMRIE017', 'Cambio climático', 'Alteración del clima global debido a la acumulación de gases de efecto invernadero en la atmósfera, lo que provoca cambios en los patrones climáticos, el aumento de la temperatura y otros impactos ambientales.');
INSERT INTO AMENAZA_RIESGO(ID, NOMBRE, DESCRIPCION) VALUES('AMRIE018', 'Aumento de nivel del mar', 'Elevación del nivel del mar debido al derretimiento de los glaciares y la expansión térmica del agua, lo que amenaza a las comunidades costeras y a los ecosistemas costeros.');
INSERT INTO AMENAZA_RIESGO(ID, NOMBRE, DESCRIPCION) VALUES('AMRIE019', 'Degradación de hábitat', 'Alteración o destrucción de los hábitats naturales, lo que provoca la pérdida de biodiversidad y la disminución de las poblaciones de especies.');
INSERT INTO AMENAZA_RIESGO(ID, NOMBRE, DESCRIPCION) VALUES('AMRIE020', 'Enfermedades o patógenos en especies protegidas', 'Propagación de enfermedades o agentes patógenos que afectan a especies en peligro de extinción, poniendo en peligro su supervivencia.');
INSERT INTO AMENAZA_RIESGO(ID, NOMBRE, DESCRIPCION) VALUES('AMRIE021', 'Alteración de patrones de migración en aves', 'Cambios en las rutas migratorias de las aves debido a la alteración de los hábitats naturales y los patrones climáticos, lo que puede afectar sus poblaciones y su capacidad de reproducirse con éxito.');
INSERT INTO AMENAZA_RIESGO(ID, NOMBRE, DESCRIPCION) VALUES('AMRIE022', 'Desechos plásticos', 'Acumulación de desechos plásticos en el medio ambiente, especialmente en los océanos, lo que causa daños a la vida marina y contamina los ecosistemas.');
INSERT INTO AMENAZA_RIESGO(ID, NOMBRE, DESCRIPCION) VALUES('AMRIE023', 'Acidificación de suelos', 'Reducción del pH del suelo debido a la deposición de sustancias ácidas, lo que puede afectar la fertilidad del suelo y la disponibilidad de nutrientes para las plantas.');
INSERT INTO AMENAZA_RIESGO(ID, NOMBRE, DESCRIPCION) VALUES('AMRIE024', 'Inundaciones', 'Desbordamiento de ríos, lagos u otros cuerpos de agua que resulta en la inundación de áreas terrestres, causando daños a la propiedad y poniendo en peligro la vida humana y la vida silvestre.');
INSERT INTO AMENAZA_RIESGO(ID, NOMBRE, DESCRIPCION) VALUES('AMRIE025', 'Pérdida de suelos fértiles', 'Degradación de suelos fértiles debido a la erosión, la contaminación o el uso no sostenible, lo que reduce su capacidad para soportar cultivos y la vida vegetal.');
INSERT INTO AMENAZA_RIESGO(ID, NOMBRE, DESCRIPCION) VALUES('AMRIE026', 'Urbanización', 'Expansión de áreas urbanas en áreas naturales, lo que conduce a la pérdida de hábitat, la fragmentación del paisaje y la disminución de la biodiversidad.');
INSERT INTO AMENAZA_RIESGO(ID, NOMBRE, DESCRIPCION) VALUES('AMRIE027', 'Construcción no regulada', 'Desarrollo de infraestructuras sin considerar los impactos ambientales, lo que puede resultar en la destrucción de hábitats naturales y la pérdida de biodiversidad.');
INSERT INTO AMENAZA_RIESGO(ID, NOMBRE, DESCRIPCION) VALUES('AMRIE028', 'Deshielo', 'Fusión de glaciares y casquetes polares debido al aumento de la temperatura global, lo que contribuye al aumento del nivel del mar y afecta a los ecosistemas de montaña.');
INSERT INTO AMENAZA_RIESGO(ID, NOMBRE, DESCRIPCION) VALUES('AMRIE029', 'Incendios forestales', 'Quemas no controladas de áreas forestales que resultan en la destrucción de la vegetación, la pérdida de hábitat y la liberación de gases de efecto invernadero.');
INSERT INTO AMENAZA_RIESGO(ID, NOMBRE, DESCRIPCION) VALUES('AMRIE030', 'Fragmentación', 'División de hábitats naturales en fragmentos más pequeños debido a la urbanización, la agricultura y otras actividades humanas, lo que puede reducir la conectividad entre poblaciones de especies y aumentar su vulnerabilidad.');

INSERT INTO AREA_AMENAZADA(ID, NOMBRE, DETALLE_AMENAZA, AMENAZA_RIESGO_ID, AREA_PROTEGIDA_ID) VALUES('AAAM0001', 'Lago Tarapoto', 'Contaminación de aguas por vertidos de petróleo', 'AMRIE009', 'APCOL001');
INSERT INTO AREA_AMENAZADA(ID, NOMBRE, DETALLE_AMENAZA, AMENAZA_RIESGO_ID, AREA_PROTEGIDA_ID) VALUES('AAAM0002', 'Río Amacayacu', 'Deforestación', 'AMRIE001', 'APCOL001');
INSERT INTO AREA_AMENAZADA(ID, NOMBRE, DETALLE_AMENAZA, AMENAZA_RIESGO_ID, AREA_PROTEGIDA_ID) VALUES('AAAM0003', 'Laguna Zafire', 'Contaminación de aguas por desechos plásticos', 'AMRIE022', 'APCOL001');
INSERT INTO AREA_AMENAZADA(ID, NOMBRE, DETALLE_AMENAZA, AMENAZA_RIESGO_ID, AREA_PROTEGIDA_ID) VALUES('AAAM0004', 'Bosque de Niebla', 'Fragmentación', 'AMRIE030', 'APCOL001');
INSERT INTO AREA_AMENAZADA(ID, NOMBRE, DETALLE_AMENAZA, AMENAZA_RIESGO_ID, AREA_PROTEGIDA_ID) VALUES('AAAM0005', 'Bosque de Niebla del Puré', 'Deforestación continua amenaza la diversidad biológica.', 'AMRIE001', 'APCOL002');
INSERT INTO AREA_AMENAZADA(ID, NOMBRE, DETALLE_AMENAZA, AMENAZA_RIESGO_ID, AREA_PROTEGIDA_ID) VALUES('AAAM0006', 'Laguna de Tarapoto', 'Sobreexplotación pesquera impacta la biodiversidad acuática.', 'AMRIE003', 'APCOL002');
INSERT INTO AREA_AMENAZADA(ID, NOMBRE, DETALLE_AMENAZA, AMENAZA_RIESGO_ID, AREA_PROTEGIDA_ID) VALUES('AAAM0007', 'Ciénaga de Patoyacá', 'Vertidos de petróleo amenazan la vida acuática y terrestre.', 'AMRIE009', 'APCOL002');
INSERT INTO AREA_AMENAZADA(ID, NOMBRE, DETALLE_AMENAZA, AMENAZA_RIESGO_ID, AREA_PROTEGIDA_ID) VALUES('AAAM0008', 'Cerro de La Danta', 'Urbanización no regulada afecta los hábitats y la conectividad biológica.', 'AMRIE026', 'APCOL002');
INSERT INTO AREA_AMENAZADA(ID, NOMBRE, DETALLE_AMENAZA, AMENAZA_RIESGO_ID, AREA_PROTEGIDA_ID) VALUES('AAAM0009', 'Laguna Iguaque', 'Turismo no regulado deteriora la calidad del agua y los ecosistemas acuáticos', 'AMRIE015', 'APCOL003');
INSERT INTO AREA_AMENAZADA(ID, NOMBRE, DETALLE_AMENAZA, AMENAZA_RIESGO_ID, AREA_PROTEGIDA_ID) VALUES('AAAM0010', 'Páramo de Iguaque', 'Incendios forestales amenazan la vegetación y la biodiversidad única.', 'AMRIE029', 'APCOL003');
INSERT INTO AREA_AMENAZADA(ID, NOMBRE, DETALLE_AMENAZA, AMENAZA_RIESGO_ID, AREA_PROTEGIDA_ID) VALUES('AAAM0011', 'Bosque de Niebla de Iguaque', 'Deforestación por actividades humanas reduce la cobertura arbórea', 'AMRIE001', 'APCOL003');
INSERT INTO AREA_AMENAZADA(ID, NOMBRE, DETALLE_AMENAZA, AMENAZA_RIESGO_ID, AREA_PROTEGIDA_ID) VALUES('AAAM0012', 'Cueva de los Guácharos', 'Contaminación lumínica perturba el hábitat de los guácharos y otras especies nocturnas.', 'AMRIE007', 'APCOL003');
INSERT INTO AREA_AMENAZADA(ID, NOMBRE, DETALLE_AMENAZA, AMENAZA_RIESGO_ID, AREA_PROTEGIDA_ID) VALUES('AAAM0013', 'Laguna Grande de la Sierra', 'Sobreexplotación turística daña los ecosistemas acuáticos y la biodiversidad.', 'AMRIE015', 'APCOL004');
INSERT INTO AREA_AMENAZADA(ID, NOMBRE, DETALLE_AMENAZA, AMENAZA_RIESGO_ID, AREA_PROTEGIDA_ID) VALUES('AAAM0014', 'Glaciares del Cocuy', 'Deshielo acelerado debido al cambio climático amenaza la existencia de los glaciares.', 'AMRIE028', 'APCOL004');
INSERT INTO AREA_AMENAZADA(ID, NOMBRE, DETALLE_AMENAZA, AMENAZA_RIESGO_ID, AREA_PROTEGIDA_ID) VALUES('AAAM0015', 'Páramo de la Rusia', 'Fragmentación del hábitat por la expansión de la urbanización en zonas cercanas', 'AMRIE030', 'APCOL004');
INSERT INTO AREA_AMENAZADA(ID, NOMBRE, DETALLE_AMENAZA, AMENAZA_RIESGO_ID, AREA_PROTEGIDA_ID) VALUES('AAAM0016', 'Bosque Altoandino del Cocuy', 'Deforestación para la expansión agrícola y ganadera impacta la biodiversidad', 'AMRIE001', 'APCOL004');
INSERT INTO AREA_AMENAZADA(ID, NOMBRE, DETALLE_AMENAZA, AMENAZA_RIESGO_ID, AREA_PROTEGIDA_ID) VALUES('AAAM0017', 'Nevado del Ruiz', 'Turismo no regulado aumenta la erosión y la degradación del suelo.', 'AMRIE015', 'APCOL005');
INSERT INTO AREA_AMENAZADA(ID, NOMBRE, DETALLE_AMENAZA, AMENAZA_RIESGO_ID, AREA_PROTEGIDA_ID) VALUES('AAAM0018', 'Páramo de Santa Isabel', 'Sobreexplotación ganadera afecta la vegetación nativa y los ecosistemas acuáticos.', 'AMRIE003', 'APCOL005');
INSERT INTO AREA_AMENAZADA(ID, NOMBRE, DETALLE_AMENAZA, AMENAZA_RIESGO_ID, AREA_PROTEGIDA_ID) VALUES('AAAM0019', 'Laguna del Otún', 'Contaminación de aguas por vertidos de residuos afecta la calidad del agua y la vida acuática.', 'AMRIE004', 'APCOL005');
INSERT INTO AREA_AMENAZADA(ID, NOMBRE, DETALLE_AMENAZA, AMENAZA_RIESGO_ID, AREA_PROTEGIDA_ID) VALUES('AAAM0020', 'Bosque Altoandino de los Nevados', 'Fragmentación del hábitat debido a la construcción de infraestructuras turísticas', 'AMRIE014', 'APCOL005');
INSERT INTO AREA_AMENAZADA(ID, NOMBRE, DETALLE_AMENAZA, AMENAZA_RIESGO_ID, AREA_PROTEGIDA_ID) VALUES('AAAM0021', 'Río Otún', 'Contaminación de aguas por vertidos de residuos afecta la biodiversidad acuática.', 'AMRIE004', 'APCOL006');
INSERT INTO AREA_AMENAZADA(ID, NOMBRE, DETALLE_AMENAZA, AMENAZA_RIESGO_ID, AREA_PROTEGIDA_ID) VALUES('AAAM0022', 'Bosque Húmedo Montano Bajo', 'Deforestación para la expansión agrícola impacta la diversidad biológica.', 'AMRIE001', 'APCOL006');
INSERT INTO AREA_AMENAZADA(ID, NOMBRE, DETALLE_AMENAZA, AMENAZA_RIESGO_ID, AREA_PROTEGIDA_ID) VALUES('AAAM0023', 'Zona de Anidación de Aves', 'Alteración de patrones de migración por la fragmentación del hábitat y cambios climáticos.', 'AMRIE021', 'APCOL006');
INSERT INTO AREA_AMENAZADA(ID, NOMBRE, DETALLE_AMENAZA, AMENAZA_RIESGO_ID, AREA_PROTEGIDA_ID) VALUES('AAAM0024', 'Selva Nebular de Otún Quimbaya', 'Urbanización no regulada amenaza la integridad del hábitat y la biodiversidad', 'AMRIE026', 'APCOL006');
INSERT INTO AREA_AMENAZADA(ID, NOMBRE, DETALLE_AMENAZA, AMENAZA_RIESGO_ID, AREA_PROTEGIDA_ID) VALUES('AAAM0025', 'Playas del Parque Tayrona', 'Contaminación lumínica perturba el ciclo de vida de las tortugas marinas', 'AMRIE007', 'APCOL007');
INSERT INTO AREA_AMENAZADA(ID, NOMBRE, DETALLE_AMENAZA, AMENAZA_RIESGO_ID, AREA_PROTEGIDA_ID) VALUES('AAAM0026', 'Sierra Nevada de Santa Marta', 'Acidificación de suelos por depósitos ácidos afecta la vegetación nativa.', 'AMRIE023', 'APCOL007');
INSERT INTO AREA_AMENAZADA(ID, NOMBRE, DETALLE_AMENAZA, AMENAZA_RIESGO_ID, AREA_PROTEGIDA_ID) VALUES('AAAM0027', 'Ecosistema de Manglares', 'Fragmentación del hábitat por la expansión urbana limita la migración de especies.', 'AMRIE030', 'APCOL007');
INSERT INTO AREA_AMENAZADA(ID, NOMBRE, DETALLE_AMENAZA, AMENAZA_RIESGO_ID, AREA_PROTEGIDA_ID) VALUES('AAAM0028', 'Ciénagas de Neguanje y Valencia', 'Incendios forestales causan pérdida de biodiversidad y degradación del suelo.', 'AMRIE029', 'APCOL007');
INSERT INTO AREA_AMENAZADA(ID, NOMBRE, DETALLE_AMENAZA, AMENAZA_RIESGO_ID, AREA_PROTEGIDA_ID) VALUES('AAAM0029', 'Ecosistema de Manglares', 'Enfermedades o patógenos en especies protegidas amenazan la fauna local', 'AMRIE020', 'APCOL008');
INSERT INTO AREA_AMENAZADA(ID, NOMBRE, DETALLE_AMENAZA, AMENAZA_RIESGO_ID, AREA_PROTEGIDA_ID) VALUES('AAAM0030', 'Zona de Pesca Artesanal', 'Cambio climático altera los patrones de migración de las especies marinas.', 'AMRIE017', 'APCOL008');
INSERT INTO AREA_AMENAZADA(ID, NOMBRE, DETALLE_AMENAZA, AMENAZA_RIESGO_ID, AREA_PROTEGIDA_ID) VALUES('AAAM0031', 'Canales de Navegación', 'Pérdida de suelos fértiles por sedimentación causada por la erosión de las riveras.', 'AMRIE025', 'APCOL008');
INSERT INTO AREA_AMENAZADA(ID, NOMBRE, DETALLE_AMENAZA, AMENAZA_RIESGO_ID, AREA_PROTEGIDA_ID) VALUES('AAAM0032', 'Hábitats de Avifauna Migratoria', 'Desechos plásticos afectan la reproducción y alimentación de las aves migratorias.', 'AMRIE022', 'APCOL008');
INSERT INTO AREA_AMENAZADA(ID, NOMBRE, DETALLE_AMENAZA, AMENAZA_RIESGO_ID, AREA_PROTEGIDA_ID) VALUES('AAAM0033', 'Bosque Primario de Los Picachos', 'Deforestación por expansión agrícola pone en peligro especies endémicas.', 'AMRIE001', 'APCOL009');
INSERT INTO AREA_AMENAZADA(ID, NOMBRE, DETALLE_AMENAZA, AMENAZA_RIESGO_ID, AREA_PROTEGIDA_ID) VALUES('AAAM0034', 'Páramo de Los Frailejones', 'Sobreexplotación de turismo daña el frágil ecosistema altoandino', 'AMRIE015', 'APCOL009');
INSERT INTO AREA_AMENAZADA(ID, NOMBRE, DETALLE_AMENAZA, AMENAZA_RIESGO_ID, AREA_PROTEGIDA_ID) VALUES('AAAM0035', 'Quebrada de Los Murciélagos', 'Contaminación de aguas por vertidos de residuos afecta la vida acuática.', 'AMRIE004', 'APCOL009');
INSERT INTO AREA_AMENAZADA(ID, NOMBRE, DETALLE_AMENAZA, AMENAZA_RIESGO_ID, AREA_PROTEGIDA_ID) VALUES('AAAM0036', 'Ladera de Los Cóndores', 'Urbanización no regulada fragmenta hábitats y amenaza la biodiversidad.', 'AMRIE026', 'APCOL009');
INSERT INTO AREA_AMENAZADA(ID, NOMBRE, DETALLE_AMENAZA, AMENAZA_RIESGO_ID, AREA_PROTEGIDA_ID) VALUES('AAAM0037', 'Isla de Malpelo', 'Pesca ilegal amenaza la biodiversidad marina única de la región.', 'AMRIE012', 'APCOL010');
INSERT INTO AREA_AMENAZADA(ID, NOMBRE, DETALLE_AMENAZA, AMENAZA_RIESGO_ID, AREA_PROTEGIDA_ID) VALUES('AAAM0038', 'Arrecifes de Coral de Malpelo', 'Contaminación de aguas por vertidos de desechos afecta los ecosistemas coralinos.', 'AMRIE004', 'APCOL010');
INSERT INTO AREA_AMENAZADA(ID, NOMBRE, DETALLE_AMENAZA, AMENAZA_RIESGO_ID, AREA_PROTEGIDA_ID) VALUES('AAAM0039', 'Fauna Marina de Malpelo', 'Cambio climático altera los patrones de migración y afecta la reproducción de especies.', 'AMRIE017', 'APCOL010');
INSERT INTO AREA_AMENAZADA(ID, NOMBRE, DETALLE_AMENAZA, AMENAZA_RIESGO_ID, AREA_PROTEGIDA_ID) VALUES('AAAM0040', 'Acantilados de Malpelo', 'Erosión costera acelerada por el aumento del nivel del mar amenaza la estabilidad de los acantilados.', 'AMRIE018', 'APCOL010');
INSERT INTO AREA_AMENAZADA(ID, NOMBRE, DETALLE_AMENAZA, AMENAZA_RIESGO_ID, AREA_PROTEGIDA_ID) VALUES('AAAM0041', 'Laguna de Chingaza', 'Contaminación de aguas por desechos afecta la calidad del agua y la vida acuática.', 'AMRIE004', 'APCOL011');
INSERT INTO AREA_AMENAZADA(ID, NOMBRE, DETALLE_AMENAZA, AMENAZA_RIESGO_ID, AREA_PROTEGIDA_ID) VALUES('AAAM0042', 'Bosques de Chingaza', 'Deforestación para la expansión agrícola compromete la biodiversidad.', 'AMRIE001', 'APCOL011');
INSERT INTO AREA_AMENAZADA(ID, NOMBRE, DETALLE_AMENAZA, AMENAZA_RIESGO_ID, AREA_PROTEGIDA_ID) VALUES('AAAM0043', 'Páramo de Chingaza', 'Fragmentación de hábitats por urbanización amenaza especies endémicas.', 'AMRIE030', 'APCOL011');
INSERT INTO AREA_AMENAZADA(ID, NOMBRE, DETALLE_AMENAZA, AMENAZA_RIESGO_ID, AREA_PROTEGIDA_ID) VALUES('AAAM0044', 'Cuchilla de Chingaza', 'Sequías prolongadas debido al cambio climático impactan la disponibilidad de agua.', 'AMRIE002', 'APCOL011');
INSERT INTO AREA_AMENAZADA(ID, NOMBRE, DETALLE_AMENAZA, AMENAZA_RIESGO_ID, AREA_PROTEGIDA_ID) VALUES('AAAM0045', 'Isla de Gorgona', 'Pesca ilegal amenaza la biodiversidad marina única de la región.', 'AMRIE012', 'APCOL012');
INSERT INTO AREA_AMENAZADA(ID, NOMBRE, DETALLE_AMENAZA, AMENAZA_RIESGO_ID, AREA_PROTEGIDA_ID) VALUES('AAAM0046', 'Arrecifes de Coral de Gorgona', 'Contaminación de aguas por vertidos de desechos afecta los ecosistemas coralinos', 'AMRIE004', 'APCOL012');
INSERT INTO AREA_AMENAZADA(ID, NOMBRE, DETALLE_AMENAZA, AMENAZA_RIESGO_ID, AREA_PROTEGIDA_ID) VALUES('AAAM0047', 'Fauna Marina de Gorgona', 'Cambio climático altera los patrones de migración y afecta la reproducción de especies', 'AMRIE017', 'APCOL012');
INSERT INTO AREA_AMENAZADA(ID, NOMBRE, DETALLE_AMENAZA, AMENAZA_RIESGO_ID, AREA_PROTEGIDA_ID) VALUES('AAAM0048', 'Acantilados de Gorgona', 'Erosión costera acelerada por el aumento del nivel del mar amenaza la estabilidad de los acantilados.', 'AMRIE018', 'APCOL012');
INSERT INTO AREA_AMENAZADA(ID, NOMBRE, DETALLE_AMENAZA, AMENAZA_RIESGO_ID, AREA_PROTEGIDA_ID) VALUES('AAAM0049', 'Bahía Málaga', 'Vertidos de petróleo amenazan la vida acuática y terrestre', 'AMRIE009', 'APCOL013');
INSERT INTO AREA_AMENAZADA(ID, NOMBRE, DETALLE_AMENAZA, AMENAZA_RIESGO_ID, AREA_PROTEGIDA_ID) VALUES('AAAM0050', 'Manglares de Bahía Málaga', 'Deforestación continua amenaza la diversidad biológica', 'AMRIE001', 'APCOL013');
INSERT INTO AREA_AMENAZADA(ID, NOMBRE, DETALLE_AMENAZA, AMENAZA_RIESGO_ID, AREA_PROTEGIDA_ID) VALUES('AAAM0051', 'Isla Palma', 'Urbanización no regulada afecta los hábitats y la conectividad biológica.', 'AMRIE026', 'APCOL013');
INSERT INTO AREA_AMENAZADA(ID, NOMBRE, DETALLE_AMENAZA, AMENAZA_RIESGO_ID, AREA_PROTEGIDA_ID) VALUES('AAAM0052', 'Playas de Bahía Málaga', 'Contaminación de aguas por desechos afecta la calidad del agua y la vida marina.', 'AMRIE004', 'APCOL013');
INSERT INTO AREA_AMENAZADA(ID, NOMBRE, DETALLE_AMENAZA, AMENAZA_RIESGO_ID, AREA_PROTEGIDA_ID) VALUES('AAAM0053', 'Caño Cristales', 'Fragmentación de hábitats por urbanización amenaza especies endémicas.', 'AMRIE030', 'APCOL014');
INSERT INTO AREA_AMENAZADA(ID, NOMBRE, DETALLE_AMENAZA, AMENAZA_RIESGO_ID, AREA_PROTEGIDA_ID) VALUES('AAAM0054', 'Cascadas de La Macarena', 'Inundaciones debido al cambio climático impactan la estabilidad de los ecosistemas.', 'AMRIE024', 'APCOL014');
INSERT INTO AREA_AMENAZADA(ID, NOMBRE, DETALLE_AMENAZA, AMENAZA_RIESGO_ID, AREA_PROTEGIDA_ID) VALUES('AAAM0055', 'Mesa de La Macarena', 'Acidificación de suelos debido a prácticas agrícolas no sostenibles afecta la fertilidad del suelo.', 'AMRIE023', 'APCOL014');
INSERT INTO AREA_AMENAZADA(ID, NOMBRE, DETALLE_AMENAZA, AMENAZA_RIESGO_ID, AREA_PROTEGIDA_ID) VALUES('AAAM0056', 'Cavernas de La Macarena', 'Aumento de nivel del mar amenaza la estabilidad de las cavernas costeras.', 'AMRIE018', 'APCOL014');

INSERT INTO ESTADO_CONSERVACION(ID, ESTADO, DESCRIPCION) VALUES('ESTC0001', 'En peligro crítico', 'La especie enfrenta un riesgo extremadamente alto de extinción en su hábitat natural.');
INSERT INTO ESTADO_CONSERVACION(ID, ESTADO, DESCRIPCION) VALUES('ESTC0002', 'En peligro', 'La especie enfrenta un riesgo alto de extinción en su hábitat natural.');
INSERT INTO ESTADO_CONSERVACION(ID, ESTADO, DESCRIPCION) VALUES('ESTC0003', 'Vulnerable', 'La especie enfrenta un riesgo moderado de extinción en su hábitat natural.');
INSERT INTO ESTADO_CONSERVACION(ID, ESTADO, DESCRIPCION) VALUES('ESTC0004', 'Casi amenazado', 'La especie no califica para ser considerada en peligro, pero podría enfrentar amenazas en el futuro.');
INSERT INTO ESTADO_CONSERVACION(ID, ESTADO, DESCRIPCION) VALUES('ESTC0005', 'Preocupación menor', 'La especie no está en peligro inmediato y tiene una población estable.');
INSERT INTO ESTADO_CONSERVACION(ID, ESTADO, DESCRIPCION) VALUES('ESTC0006', 'No evaluado', 'La situación de conservación de la especie aún no ha sido evaluada.');
INSERT INTO ESTADO_CONSERVACION(ID, ESTADO, DESCRIPCION) VALUES('ESTC0007', 'Extinto en estado silvestre', 'Todos los individuos de la especie han desaparecido en la naturaleza, solo existen en cautiverio.');
INSERT INTO ESTADO_CONSERVACION(ID, ESTADO, DESCRIPCION) VALUES('ESTC0008', 'Extinto', 'La especie ya no existe en la naturaleza ni en cautiverio.');
INSERT INTO ESTADO_CONSERVACION(ID, ESTADO, DESCRIPCION) VALUES('ESTC0009', 'Datos insuficientes', 'La información disponible sobre la especie es insuficiente para evaluar su estado de conservación.');
INSERT INTO ESTADO_CONSERVACION(ID, ESTADO, DESCRIPCION) VALUES('ESTC0010', 'Amenazado', 'La especie enfrenta amenazas significativas que podrían llevarla a un mayor riesgo de extinción.');
INSERT INTO ESTADO_CONSERVACION(ID, ESTADO, DESCRIPCION) VALUES('ESTC0011', 'Bajo riesgo menor', 'La especie tiene una población estable y no enfrenta amenazas significativas en su hábitat.');
INSERT INTO ESTADO_CONSERVACION(ID, ESTADO, DESCRIPCION) VALUES('ESTC0012', 'Bajo riesgo mayor', 'Aunque la especie tiene una población estable, enfrenta algunas amenazas en su hábitat.');
INSERT INTO ESTADO_CONSERVACION(ID, ESTADO, DESCRIPCION) VALUES('ESTC0013', 'Riesgo de extinción desconocido', 'No se dispone de suficiente información para evaluar el riesgo de extinción de la especie.');
INSERT INTO ESTADO_CONSERVACION(ID, ESTADO, DESCRIPCION) VALUES('ESTC0014', 'Riesgo bajo', 'La especie tiene una población saludable y enfrenta pocas amenazas en su hábitat.');
INSERT INTO ESTADO_CONSERVACION(ID, ESTADO, DESCRIPCION) VALUES('ESTC0015', 'Riesgo moderado', 'Aunque la especie tiene una población estable, enfrenta algunas amenazas en su hábitat.');
INSERT INTO ESTADO_CONSERVACION(ID, ESTADO, DESCRIPCION) VALUES('ESTC0016', 'Riesgo alto', 'La especie enfrenta amenazas significativas que podrían llevarla a un mayor riesgo de extinción.');
INSERT INTO ESTADO_CONSERVACION(ID, ESTADO, DESCRIPCION) VALUES('ESTC0017', 'Extinto en estado salvaje', 'Todos los individuos de la especie han desaparecido en la naturaleza, solo existen en cautiverio.');
INSERT INTO ESTADO_CONSERVACION(ID, ESTADO, DESCRIPCION) VALUES('ESTC0018', 'Recuperándose', 'La especie ha experimentado una mejora en su estado de conservación debido a esfuerzos de conservación exitosos.');
INSERT INTO ESTADO_CONSERVACION(ID, ESTADO, DESCRIPCION) VALUES('ESTC0019', 'En recuperación', 'La especie está en proceso de recuperación después de haber enfrentado amenazas significativas en el pasado.');
INSERT INTO ESTADO_CONSERVACION(ID, ESTADO, DESCRIPCION) VALUES('ESTC0020', 'En riesgo', 'La especie enfrenta amenazas significativas que podrían llevarla a un mayor riesgo de extinción.');
INSERT INTO ESTADO_CONSERVACION(ID, ESTADO, DESCRIPCION) VALUES('ESTC0021', 'Bajo riesgo', 'La especie tiene una población saludable y enfrenta pocas amenazas en su hábitat.');
INSERT INTO ESTADO_CONSERVACION(ID, ESTADO, DESCRIPCION) VALUES('ESTC0022', 'Moderadamente amenazado', 'La especie enfrenta algunas amenazas en su hábitat, pero su población es estable.');
INSERT INTO ESTADO_CONSERVACION(ID, ESTADO, DESCRIPCION) VALUES('ESTC0023', 'Amenazado críticamente', 'La especie enfrenta amenazas extremadamente altas que podrían llevarla rápidamente a la extinción.');
INSERT INTO ESTADO_CONSERVACION(ID, ESTADO, DESCRIPCION) VALUES('ESTC0024', 'En peligro moderado', 'La especie enfrenta un riesgo moderado de extinción en su hábitat natural.');
INSERT INTO ESTADO_CONSERVACION(ID, ESTADO, DESCRIPCION) VALUES('ESTC0025', 'Vulnerable moderadamente', 'La especie enfrenta un riesgo moderado de extinción en su hábitat natural.');
INSERT INTO ESTADO_CONSERVACION(ID, ESTADO, DESCRIPCION) VALUES('ESTC0026', 'En declive', 'La población de la especie está disminuyendo y enfrenta amenazas significativas.');
INSERT INTO ESTADO_CONSERVACION(ID, ESTADO, DESCRIPCION) VALUES('ESTC0027', 'En expansión', 'La población de la especie está aumentando y su hábitat se está expandiendo.');
INSERT INTO ESTADO_CONSERVACION(ID, ESTADO, DESCRIPCION) VALUES('ESTC0028', 'En peligro de extinción', 'La especie enfrenta un riesgo extremadamente alto de extinción en su hábitat natural.');
INSERT INTO ESTADO_CONSERVACION(ID, ESTADO, DESCRIPCION) VALUES('ESTC0029', 'En peligro de desaparición', 'La especie enfrenta un riesgo extremadamente alto de desaparición en su hábitat natural.');
INSERT INTO ESTADO_CONSERVACION(ID, ESTADO, DESCRIPCION) VALUES('ESTC0030', 'Riesgo de extinción', 'La especie enfrenta un riesgo significativo de extinción en su hábitat natural.');

INSERT INTO HABITAT(ID, NOMBRE_HABITAT) VALUES('THAB0001', 'Bosque tropical');
INSERT INTO HABITAT(ID, NOMBRE_HABITAT) VALUES('THAB0002', 'Bosque de montaña');
INSERT INTO HABITAT(ID, NOMBRE_HABITAT) VALUES('THAB0003', 'Bosque de niebla');
INSERT INTO HABITAT(ID, NOMBRE_HABITAT) VALUES('THAB0004', 'Manglar');
INSERT INTO HABITAT(ID, NOMBRE_HABITAT) VALUES('THAB0005', 'Sabana');
INSERT INTO HABITAT(ID, NOMBRE_HABITAT) VALUES('THAB0006', 'Pradera');
INSERT INTO HABITAT(ID, NOMBRE_HABITAT) VALUES('THAB0007', 'Selva tropical húmeda');
INSERT INTO HABITAT(ID, NOMBRE_HABITAT) VALUES('THAB0008', 'Selva tropical seca');
INSERT INTO HABITAT(ID, NOMBRE_HABITAT) VALUES('THAB0009', 'Pantano');
INSERT INTO HABITAT(ID, NOMBRE_HABITAT) VALUES('THAB0010', 'Arrecife de coral');
INSERT INTO HABITAT(ID, NOMBRE_HABITAT) VALUES('THAB0011', 'Desierto');
INSERT INTO HABITAT(ID, NOMBRE_HABITAT) VALUES('THAB0012', 'Montaña rocosa');
INSERT INTO HABITAT(ID, NOMBRE_HABITAT) VALUES('THAB0013', 'Estepa');
INSERT INTO HABITAT(ID, NOMBRE_HABITAT) VALUES('THAB0014', 'Tundra');
INSERT INTO HABITAT(ID, NOMBRE_HABITAT) VALUES('THAB0015', 'Humedal');
INSERT INTO HABITAT(ID, NOMBRE_HABITAT) VALUES('THAB0016', 'Ciénaga');
INSERT INTO HABITAT(ID, NOMBRE_HABITAT) VALUES('THAB0017', 'Glaciar');
INSERT INTO HABITAT(ID, NOMBRE_HABITAT) VALUES('THAB0018', 'Río');
INSERT INTO HABITAT(ID, NOMBRE_HABITAT) VALUES('THAB0019', 'Arroyo');
INSERT INTO HABITAT(ID, NOMBRE_HABITAT) VALUES('THAB0020', 'Laguna');
INSERT INTO HABITAT(ID, NOMBRE_HABITAT) VALUES('THAB0021', 'Estanque');
INSERT INTO HABITAT(ID, NOMBRE_HABITAT) VALUES('THAB0022', 'Marisma');
INSERT INTO HABITAT(ID, NOMBRE_HABITAT) VALUES('THAB0023', 'Estuario');
INSERT INTO HABITAT(ID, NOMBRE_HABITAT) VALUES('THAB0024', 'Cañón');
INSERT INTO HABITAT(ID, NOMBRE_HABITAT) VALUES('THAB0025', 'Acantilado marino');
INSERT INTO HABITAT(ID, NOMBRE_HABITAT) VALUES('THAB0026', 'Costa arenosa');
INSERT INTO HABITAT(ID, NOMBRE_HABITAT) VALUES('THAB0027', 'Costa rocosa');
INSERT INTO HABITAT(ID, NOMBRE_HABITAT) VALUES('THAB0028', 'Isla');
INSERT INTO HABITAT(ID, NOMBRE_HABITAT) VALUES('THAB0029', 'Volcán');
INSERT INTO HABITAT(ID, NOMBRE_HABITAT) VALUES('THAB0030', 'Desfiladero');
INSERT INTO HABITAT(ID, NOMBRE_HABITAT) VALUES('THAB0031', 'Valle');
INSERT INTO HABITAT(ID, NOMBRE_HABITAT) VALUES('THAB0032', 'Colina');
INSERT INTO HABITAT(ID, NOMBRE_HABITAT) VALUES('THAB0033', 'Meseta');
INSERT INTO HABITAT(ID, NOMBRE_HABITAT) VALUES('THAB0034', 'Fondo marino');
INSERT INTO HABITAT(ID, NOMBRE_HABITAT) VALUES('THAB0035', 'Aguas profundas');
INSERT INTO HABITAT(ID, NOMBRE_HABITAT) VALUES('THAB0036', 'Cueva');
INSERT INTO HABITAT(ID, NOMBRE_HABITAT) VALUES('THAB0037', 'Océano abierto');
INSERT INTO HABITAT(ID, NOMBRE_HABITAT) VALUES('THAB0038', 'Zona intermareal');
INSERT INTO HABITAT(ID, NOMBRE_HABITAT) VALUES('THAB0039', 'Bahía');
INSERT INTO HABITAT(ID, NOMBRE_HABITAT) VALUES('THAB0040', 'Fiordo');

INSERT INTO OBSERVACION(ID, FECHA_HORA, NUMERO_INDIVIDUOS, NOTAS, AREA_PROTEGIDA_ID, UBICACION_LATITUD, UBICACION_LONGITUD) VALUES('3181011145', TO_DATE('1989-05-29', 'YYYY-MM-DD'), 13, 'Avistamiento de Cantorchilus leucotis en varzea, PN Amacayacu', 'APCOL001', -3.75, -70.2605);
INSERT INTO OBSERVACION(ID, FECHA_HORA, NUMERO_INDIVIDUOS, NOTAS, AREA_PROTEGIDA_ID, UBICACION_LATITUD, UBICACION_LONGITUD) VALUES('1062303852', TO_DATE('1992-07-09', 'YYYY-MM-DD'), 51, 'Registro herbario de Rinorea lindeniana, Parque Nacional Natural Amacayacu. Observación: Arbolito de 5 m x 2.6 cm.', 'APCOL001', -3.75, -70.05);
INSERT INTO OBSERVACION(ID, FECHA_HORA, NUMERO_INDIVIDUOS, NOTAS, AREA_PROTEGIDA_ID, UBICACION_LATITUD, UBICACION_LONGITUD) VALUES('4006534734', TO_DATE('2022-05-07', 'YYYY-MM-DD'), 19, 'Observación de Tachycineta albiventer en el Parque Nacional Natural Amacayacu, Leticia, Amazonas. Registrado por AJ Johnson en iNaturalist.', 'APCOL001', -3.75, -70.271555);
INSERT INTO OBSERVACION(ID, FECHA_HORA, NUMERO_INDIVIDUOS, NOTAS, AREA_PROTEGIDA_ID, UBICACION_LATITUD, UBICACION_LONGITUD) VALUES('1062303638', TO_DATE('1992-07-13', 'YYYY-MM-DD'), 1, 'Registro herbario de Aparisthmium cordatum en el Parque Nacional Natural Amacayacu. Observación: Árbol # 761 de 7 m. x 10.9 cm con olor trementino.', 'APCOL001', -3.75, -70.05);
INSERT INTO OBSERVACION(ID, FECHA_HORA, NUMERO_INDIVIDUOS, NOTAS, AREA_PROTEGIDA_ID, UBICACION_LATITUD, UBICACION_LONGITUD) VALUES('3258300812', TO_DATE('1999-12-18', 'YYYY-MM-DD'), 1, 'Avistamiento de Thraupis episcopus en el Parque Nacional Natural Amacayacu, registrado en diciembre de 1999 por el observador identificado como obsr477997.', 'APCOL001', -3.75, -70.15283);
INSERT INTO OBSERVACION(ID, FECHA_HORA, NUMERO_INDIVIDUOS, NOTAS, AREA_PROTEGIDA_ID, UBICACION_LATITUD, UBICACION_LONGITUD) VALUES('1891025336', TO_DATE('1993-09-25', 'YYYY-MM-DD'), 8, 'Espécimen de Arocera aequinoxialis recolectado por O Gillede el 25 de septiembre de 1993 en el Parque Nacional Natural Amacayacu. Las coordenadas originales se asignaron con una elevación de 120 metros sobre el nivel del mar.', 'APCOL001', -3.75, -70.263031);
INSERT INTO OBSERVACION(ID, FECHA_HORA, NUMERO_INDIVIDUOS, NOTAS, AREA_PROTEGIDA_ID, UBICACION_LATITUD, UBICACION_LONGITUD) VALUES('3248358720', TO_DATE('1989-05-02', 'YYYY-MM-DD'), 78, 'Observación de Melanerpes cruentatus en varzea Amacayacu PN, Amazonas, en mayo de 1989. Registrada por obsr477997 con el código OBS968982905 en CLO.', 'APCOL001', -3.75, -70.2605);
INSERT INTO OBSERVACION(ID, FECHA_HORA, NUMERO_INDIVIDUOS, NOTAS, AREA_PROTEGIDA_ID, UBICACION_LATITUD, UBICACION_LONGITUD) VALUES('1062304279', TO_DATE('1991-11-15', 'YYYY-MM-DD'), 95, 'Dussia tessmannii, recolectada el 15 de noviembre de 1991 en el Parque Nacional Amacayacu. Árbol de 18 metros en bosque húmedo, a 210 metros de altitud.', 'APCOL001', -3.75, -70.25);
INSERT INTO OBSERVACION(ID, FECHA_HORA, NUMERO_INDIVIDUOS, NOTAS, AREA_PROTEGIDA_ID, UBICACION_LATITUD, UBICACION_LONGITUD) VALUES('3300295865', TO_DATE('2020-11-02', 'YYYY-MM-DD'), 62, 'Ave rapaz Ictinia plumbea avistada en la mística Cabaña Matamatá del Parque Nacional Natural Amacayacu durante noviembre de 2020.', 'APCOL001', -3.75, -70.26115);
INSERT INTO OBSERVACION(ID, FECHA_HORA, NUMERO_INDIVIDUOS, NOTAS, AREA_PROTEGIDA_ID, UBICACION_LATITUD, UBICACION_LONGITUD) VALUES('3177923314', TO_DATE('1989-03-10', 'YYYY-MM-DD'), 57, 'Análisis riguroso de comportamiento arroja luz sobre estrategias de supervivencia.', 'APCOL001', -3.804732, -70.26116);
INSERT INTO OBSERVACION(ID, FECHA_HORA, NUMERO_INDIVIDUOS, NOTAS, AREA_PROTEGIDA_ID, UBICACION_LATITUD, UBICACION_LONGITUD) VALUES('3182157489', TO_DATE('1989-01-30', 'YYYY-MM-DD'), 39, 'Observación constante permite capturar momentos efímeros de la naturaleza.', 'APCOL001', -3.75, -70.2605);
INSERT INTO OBSERVACION(ID, FECHA_HORA, NUMERO_INDIVIDUOS, NOTAS, AREA_PROTEGIDA_ID, UBICACION_LATITUD, UBICACION_LONGITUD) VALUES('935686667', TO_DATE('1998-09-29', 'YYYY-MM-DD'), 5, 'Registro minucioso de interacciones revela relaciones intrincadas.', 'APCOL001', -3.75, -70.261734);
INSERT INTO OBSERVACION(ID, FECHA_HORA, NUMERO_INDIVIDUOS, NOTAS, AREA_PROTEGIDA_ID, UBICACION_LATITUD, UBICACION_LONGITUD) VALUES('3258911500', TO_DATE('1988-09-04', 'YYYY-MM-DD'), 69, 'Documentación exhaustiva de movimientos muestra la movilidad del reino animal.', 'APCOL001', -3.75, -70.2605);
INSERT INTO OBSERVACION(ID, FECHA_HORA, NUMERO_INDIVIDUOS, NOTAS, AREA_PROTEGIDA_ID, UBICACION_LATITUD, UBICACION_LONGITUD) VALUES('1062304002', TO_DATE('1992-03-26', 'YYYY-MM-DD'), 17, 'Seguimiento detallado de hábitos alimenticios revela la cadena trófica.', 'APCOL001', -3.75, -70.25);
INSERT INTO OBSERVACION(ID, FECHA_HORA, NUMERO_INDIVIDUOS, NOTAS, AREA_PROTEGIDA_ID, UBICACION_LATITUD, UBICACION_LONGITUD) VALUES('1253920813', TO_DATE('2007-10-07', 'YYYY-MM-DD'), 90, 'Estudio profundo de procesos reproductivos ofrece visión a largo plazo.', 'APCOL001', -3.75, -70.2662);
INSERT INTO OBSERVACION(ID, FECHA_HORA, NUMERO_INDIVIDUOS, NOTAS, AREA_PROTEGIDA_ID, UBICACION_LATITUD, UBICACION_LONGITUD) VALUES('1699605788', TO_DATE('2000-11-25', 'YYYY-MM-DD'), 4, 'Exploración cuidadosa revela adaptaciones sorprendentes al entorno.', 'APCOL001', -3.75, -70.260379);
INSERT INTO OBSERVACION(ID, FECHA_HORA, NUMERO_INDIVIDUOS, NOTAS, AREA_PROTEGIDA_ID, UBICACION_LATITUD, UBICACION_LONGITUD) VALUES('3394056697', TO_DATE('2006-03-13', 'YYYY-MM-DD'), 17, 'Análisis meticuloso de comportamiento descubre roles ecológicos.', 'APCOL001', -3.75, -70.266611);
INSERT INTO OBSERVACION(ID, FECHA_HORA, NUMERO_INDIVIDUOS, NOTAS, AREA_PROTEGIDA_ID, UBICACION_LATITUD, UBICACION_LONGITUD) VALUES('1062303696', TO_DATE('1992-07-13', 'YYYY-MM-DD'), 18, 'Observación constante proporciona instantáneas de la vida en la naturaleza.', 'APCOL001', -3.75, -70.05);
INSERT INTO OBSERVACION(ID, FECHA_HORA, NUMERO_INDIVIDUOS, NOTAS, AREA_PROTEGIDA_ID, UBICACION_LATITUD, UBICACION_LONGITUD) VALUES('657385326', TO_DATE('2000-05-06', 'YYYY-MM-DD'), 2, 'Registro riguroso de interacciones revela interdependencias fundamentales.', 'APCOL002', -1.948,  -70.135);
INSERT INTO OBSERVACION(ID, FECHA_HORA, NUMERO_INDIVIDUOS, NOTAS, AREA_PROTEGIDA_ID, UBICACION_LATITUD, UBICACION_LONGITUD) VALUES('3642794320', TO_DATE('2021-11-10', 'YYYY-MM-DD'), 42, 'Documentación minuciosa de movimientos desentraña misterios migratorios.', 'APCOL002', -1.948,  -70.135);
INSERT INTO OBSERVACION(ID, FECHA_HORA, NUMERO_INDIVIDUOS, NOTAS, AREA_PROTEGIDA_ID, UBICACION_LATITUD, UBICACION_LONGITUD) VALUES('657388227', TO_DATE('2001-05-09', 'YYYY-MM-DD'), 38, 'Seguimiento exhaustivo de hábitos alimenticios revela preferencias y competencia.', 'APCOL002', -1.948,  -70.135);
INSERT INTO OBSERVACION(ID, FECHA_HORA, NUMERO_INDIVIDUOS, NOTAS, AREA_PROTEGIDA_ID, UBICACION_LATITUD, UBICACION_LONGITUD) VALUES('3468333848', TO_DATE('2012-04-17', 'YYYY-MM-DD'), 90, 'Estudio detenido de procesos reproductivos muestra la perpetuación de la vida.', 'APCOL002', -1.948,  -70.135);
INSERT INTO OBSERVACION(ID, FECHA_HORA, NUMERO_INDIVIDUOS, NOTAS, AREA_PROTEGIDA_ID, UBICACION_LATITUD, UBICACION_LONGITUD) VALUES('657386279', TO_DATE('1988-05-09', 'YYYY-MM-DD'), 26, 'Exploración profunda revela la diversidad oculta en cada rincón del ecosistema.', 'APCOL002', -1.948,  -70.135);
INSERT INTO OBSERVACION(ID, FECHA_HORA, NUMERO_INDIVIDUOS, NOTAS, AREA_PROTEGIDA_ID, UBICACION_LATITUD, UBICACION_LONGITUD) VALUES('1375138451', TO_DATE('2015-06-14', 'YYYY-MM-DD'), 41, 'Análisis riguroso de comportamiento desvela estrategias de supervivencia innovadoras.', 'APCOL002', -1.948,  -70.135);
INSERT INTO OBSERVACION(ID, FECHA_HORA, NUMERO_INDIVIDUOS, NOTAS, AREA_PROTEGIDA_ID, UBICACION_LATITUD, UBICACION_LONGITUD) VALUES('2124628791', TO_DATE('2018-01-15', 'YYYY-MM-DD'), 10, 'Observación constante ofrece una ventana a la complejidad de la vida salvaje.', 'APCOL002', -1.948,  -70.135);
INSERT INTO OBSERVACION(ID, FECHA_HORA, NUMERO_INDIVIDUOS, NOTAS, AREA_PROTEGIDA_ID, UBICACION_LATITUD, UBICACION_LONGITUD) VALUES('1791469914', TO_DATE('2014-08-16', 'YYYY-MM-DD'), 45, 'Registro meticuloso de interacciones muestra el tejido interconectado de la naturaleza.', 'APCOL002', -1.948,  -70.135);
INSERT INTO OBSERVACION(ID, FECHA_HORA, NUMERO_INDIVIDUOS, NOTAS, AREA_PROTEGIDA_ID, UBICACION_LATITUD, UBICACION_LONGITUD) VALUES('1791478351', TO_DATE('2014-08-15', 'YYYY-MM-DD'), 10, 'Documentación exhaustiva de movimientos desentraña los misterios de la migración.', 'APCOL002', -1.948,  -70.135);
INSERT INTO OBSERVACION(ID, FECHA_HORA, NUMERO_INDIVIDUOS, NOTAS, AREA_PROTEGIDA_ID, UBICACION_LATITUD, UBICACION_LONGITUD) VALUES('4384508313', TO_DATE('2022-08-16', 'YYYY-MM-DD'), 92, 'Seguimiento detallado de hábitos alimenticios revela la dinámica de la dieta.', 'APCOL002', -1.948,  -70.135);
INSERT INTO OBSERVACION(ID, FECHA_HORA, NUMERO_INDIVIDUOS, NOTAS, AREA_PROTEGIDA_ID, UBICACION_LATITUD, UBICACION_LONGITUD) VALUES('1338802684', TO_DATE('2016-07-28', 'YYYY-MM-DD'), 89, 'Estudio profundo de procesos reproductivos despierta preguntas sobre la evolución.', 'APCOL002', -1.948,  -70.135);
INSERT INTO OBSERVACION(ID, FECHA_HORA, NUMERO_INDIVIDUOS, NOTAS, AREA_PROTEGIDA_ID, UBICACION_LATITUD, UBICACION_LONGITUD) VALUES('1196543525', TO_DATE('2000-02-18', 'YYYY-MM-DD'), 92, 'Exploración minuciosa descubre la belleza en los detalles del entorno natural.', 'APCOL002', -1.948,  -70.135);
INSERT INTO OBSERVACION(ID, FECHA_HORA, NUMERO_INDIVIDUOS, NOTAS, AREA_PROTEGIDA_ID, UBICACION_LATITUD, UBICACION_LONGITUD) VALUES('4339366221', TO_DATE('2022-06-03', 'YYYY-MM-DD'), 63, 'Análisis meticuloso de comportamiento proporciona una visión holística del ecosistema.', 'APCOL002', -1.948,  -70.135);
INSERT INTO OBSERVACION(ID, FECHA_HORA, NUMERO_INDIVIDUOS, NOTAS, AREA_PROTEGIDA_ID, UBICACION_LATITUD, UBICACION_LONGITUD) VALUES('1377268254', TO_DATE('2015-07-05', 'YYYY-MM-DD'), 18, 'Observación constante permite entender mejor la interacción entre especies.', 'APCOL002', -1.948,  -70.135);
INSERT INTO OBSERVACION(ID, FECHA_HORA, NUMERO_INDIVIDUOS, NOTAS, AREA_PROTEGIDA_ID, UBICACION_LATITUD, UBICACION_LONGITUD) VALUES('4231927319', TO_DATE('2022-08-19', 'YYYY-MM-DD'), 50, 'Registro riguroso de interacciones muestra la complejidad de las relaciones biológicas.', 'APCOL002', -1.948,  -70.135);
INSERT INTO OBSERVACION(ID, FECHA_HORA, NUMERO_INDIVIDUOS, NOTAS, AREA_PROTEGIDA_ID, UBICACION_LATITUD, UBICACION_LONGITUD) VALUES('4321397493', TO_DATE('2022-06-03', 'YYYY-MM-DD'), 75, 'Documentación minuciosa de movimientos revela la movilidad de la vida silvestre.', 'APCOL002', -1.948,  -70.135);
INSERT INTO OBSERVACION(ID, FECHA_HORA, NUMERO_INDIVIDUOS, NOTAS, AREA_PROTEGIDA_ID, UBICACION_LATITUD, UBICACION_LONGITUD) VALUES('3859391878', TO_DATE('2014-03-03', 'YYYY-MM-DD'), 92, 'Seguimiento exhaustivo de hábitos alimenticios desentraña la red trófica.', 'APCOL002', -1.948,  -70.135);
INSERT INTO OBSERVACION(ID, FECHA_HORA, NUMERO_INDIVIDUOS, NOTAS, AREA_PROTEGIDA_ID, UBICACION_LATITUD, UBICACION_LONGITUD) VALUES('657388276', TO_DATE('1987-05-10', 'YYYY-MM-DD'), 25, 'Estudio detenido de procesos reproductivos ofrece una visión de la continuidad de la vida.', 'APCOL002', -1.948,  -70.135);
INSERT INTO OBSERVACION(ID, FECHA_HORA, NUMERO_INDIVIDUOS, NOTAS, AREA_PROTEGIDA_ID, UBICACION_LATITUD, UBICACION_LONGITUD) VALUES('4383821194', TO_DATE('2022-04-24', 'YYYY-MM-DD'), 64, 'Exploración profunda revela la sorprendente adaptabilidad de los organismos.', 'APCOL002', -1.948,  -70.135);
INSERT INTO OBSERVACION(ID, FECHA_HORA, NUMERO_INDIVIDUOS, NOTAS, AREA_PROTEGIDA_ID, UBICACION_LATITUD, UBICACION_LONGITUD) VALUES('3593079511', TO_DATE('2021-02-17', 'YYYY-MM-DD'), 90, 'Análisis riguroso de comportamiento desvela estrategias de supervivencia únicas.', 'APCOL002', -1.948,  -70.135);
INSERT INTO OBSERVACION(ID, FECHA_HORA, NUMERO_INDIVIDUOS, NOTAS, AREA_PROTEGIDA_ID, UBICACION_LATITUD, UBICACION_LONGITUD) VALUES('2176040233', TO_DATE('2018-03-29', 'YYYY-MM-DD'), 44, 'Observación constante proporciona una comprensión más profunda de los ecosistemas.', 'APCOL003', 5.672, -73.457146);
INSERT INTO OBSERVACION(ID, FECHA_HORA, NUMERO_INDIVIDUOS, NOTAS, AREA_PROTEGIDA_ID, UBICACION_LATITUD, UBICACION_LONGITUD) VALUES('2165009886', TO_DATE('2018-04-29', 'YYYY-MM-DD'), 88, 'Registro meticuloso de interacciones muestra la delicada interconexión de la vida.', 'APCOL003', 5.672,  -73.4602);
INSERT INTO OBSERVACION(ID, FECHA_HORA, NUMERO_INDIVIDUOS, NOTAS, AREA_PROTEGIDA_ID, UBICACION_LATITUD, UBICACION_LONGITUD) VALUES('1932207977', TO_DATE('1985-11-01', 'YYYY-MM-DD'), 85, 'Documentación exhaustiva de movimientos desentraña los secretos de la movilidad animal.', 'APCOL003', 5.672, -73.569999);
INSERT INTO OBSERVACION(ID, FECHA_HORA, NUMERO_INDIVIDUOS, NOTAS, AREA_PROTEGIDA_ID, UBICACION_LATITUD, UBICACION_LONGITUD) VALUES('2709635702', TO_DATE('2019-08-30', 'YYYY-MM-DD'), 15, 'Seguimiento detallado de hábitos alimenticios revela patrones alimentarios cruciales.', 'APCOL003', 5.672, -73.45712);
INSERT INTO OBSERVACION(ID, FECHA_HORA, NUMERO_INDIVIDUOS, NOTAS, AREA_PROTEGIDA_ID, UBICACION_LATITUD, UBICACION_LONGITUD) VALUES('2113131685', TO_DATE('2018-02-10', 'YYYY-MM-DD'), 66, 'Estudio profundo de procesos reproductivos arroja luz sobre la perpetuación de las especies.', 'APCOL003', 5.672, -73.4773);
INSERT INTO OBSERVACION(ID, FECHA_HORA, NUMERO_INDIVIDUOS, NOTAS, AREA_PROTEGIDA_ID, UBICACION_LATITUD, UBICACION_LONGITUD) VALUES('2066508938', TO_DATE('2017-05-13', 'YYYY-MM-DD'), 37, 'Exploración minuciosa descubre la riqueza oculta en los microhábitats.', 'APCOL003', 5.672, -73.47222);
INSERT INTO OBSERVACION(ID, FECHA_HORA, NUMERO_INDIVIDUOS, NOTAS, AREA_PROTEGIDA_ID, UBICACION_LATITUD, UBICACION_LONGITUD) VALUES('3581909777', TO_DATE('2021-11-06', 'YYYY-MM-DD'), 16, 'Análisis meticuloso de comportamiento ofrece una visión más completa de la ecología.', 'APCOL003', 5.672, -73.46179);
INSERT INTO OBSERVACION(ID, FECHA_HORA, NUMERO_INDIVIDUOS, NOTAS, AREA_PROTEGIDA_ID, UBICACION_LATITUD, UBICACION_LONGITUD) VALUES('4131565316', TO_DATE('2017-08-06', 'YYYY-MM-DD'), 84, 'Observación constante permite capturar momentos fugaces de la vida salvaje.', 'APCOL003', 5.672, -73.463);
INSERT INTO OBSERVACION(ID, FECHA_HORA, NUMERO_INDIVIDUOS, NOTAS, AREA_PROTEGIDA_ID, UBICACION_LATITUD, UBICACION_LONGITUD) VALUES('2068860638', TO_DATE('2017-05-21', 'YYYY-MM-DD'), 98, 'Registro riguroso de interacciones revela la complejidad de las relaciones ecológicas.', 'APCOL003', 5.672, -73.45682);
INSERT INTO OBSERVACION(ID, FECHA_HORA, NUMERO_INDIVIDUOS, NOTAS, AREA_PROTEGIDA_ID, UBICACION_LATITUD, UBICACION_LONGITUD) VALUES('2108214341', TO_DATE('2009-12-15', 'YYYY-MM-DD'), 8, 'Documentación minuciosa de movimientos desentraña los misterios de la dispersión.', 'APCOL003', 5.672, -73.47772);
INSERT INTO OBSERVACION(ID, FECHA_HORA, NUMERO_INDIVIDUOS, NOTAS, AREA_PROTEGIDA_ID, UBICACION_LATITUD, UBICACION_LONGITUD) VALUES('2714425759', TO_DATE('2007-02-27', 'YYYY-MM-DD'), 82, 'Seguimiento exhaustivo de hábitos alimenticios revela la competencia por los recursos.', 'APCOL003', 5.672, -73.47549);
INSERT INTO OBSERVACION(ID, FECHA_HORA, NUMERO_INDIVIDUOS, NOTAS, AREA_PROTEGIDA_ID, UBICACION_LATITUD, UBICACION_LONGITUD) VALUES('1934703265', TO_DATE('2004-03-03', 'YYYY-MM-DD'), 23, 'Estudio detenido de procesos reproductivos ofrece una visión de la estrategia reproductiva.', 'APCOL003', 5.672, -73.440556);
INSERT INTO OBSERVACION(ID, FECHA_HORA, NUMERO_INDIVIDUOS, NOTAS, AREA_PROTEGIDA_ID, UBICACION_LATITUD, UBICACION_LONGITUD) VALUES('3243221417', TO_DATE('2020-02-27', 'YYYY-MM-DD'), 56, 'Exploración profunda revela la sorprendente diversidad en cada rincón del ecosistema.', 'APCOL003', 5.672, -73.445274);
INSERT INTO OBSERVACION(ID, FECHA_HORA, NUMERO_INDIVIDUOS, NOTAS, AREA_PROTEGIDA_ID, UBICACION_LATITUD, UBICACION_LONGITUD) VALUES('1932208547', TO_DATE('1990-05-29', 'YYYY-MM-DD'), 34, 'Análisis riguroso de comportamiento desvela estrategias de supervivencia innovadoras.', 'APCOL003', 5.672, -73.569999);
INSERT INTO OBSERVACION(ID, FECHA_HORA, NUMERO_INDIVIDUOS, NOTAS, AREA_PROTEGIDA_ID, UBICACION_LATITUD, UBICACION_LONGITUD) VALUES('2072578158', TO_DATE('2017-05-13', 'YYYY-MM-DD'), 87, 'Observación constante ofrece una ventana a la complejidad de la vida salvaje.', 'APCOL003', 5.672, -73.47222);
INSERT INTO OBSERVACION(ID, FECHA_HORA, NUMERO_INDIVIDUOS, NOTAS, AREA_PROTEGIDA_ID, UBICACION_LATITUD, UBICACION_LONGITUD) VALUES('1764693251', TO_DATE('2016-09-29', 'YYYY-MM-DD'), 59, 'Registro meticuloso de interacciones muestra el tejido interconectado de la naturaleza.', 'APCOL003', 5.672, -73.457146);
INSERT INTO OBSERVACION(ID, FECHA_HORA, NUMERO_INDIVIDUOS, NOTAS, AREA_PROTEGIDA_ID, UBICACION_LATITUD, UBICACION_LONGITUD) VALUES('2054285015', TO_DATE('2017-05-13', 'YYYY-MM-DD'), 98, 'Documentación exhaustiva de movimientos desentraña los misterios de la migración.', 'APCOL003', 5.672, -73.45609);
INSERT INTO OBSERVACION(ID, FECHA_HORA, NUMERO_INDIVIDUOS, NOTAS, AREA_PROTEGIDA_ID, UBICACION_LATITUD, UBICACION_LONGITUD) VALUES('1932208380', TO_DATE('1989-12-30', 'YYYY-MM-DD'), 82, 'Seguimiento detallado de hábitos alimenticios revela la dinámica de la dieta.', 'APCOL003', 5.672, -73.569999);
INSERT INTO OBSERVACION(ID, FECHA_HORA, NUMERO_INDIVIDUOS, NOTAS, AREA_PROTEGIDA_ID, UBICACION_LATITUD, UBICACION_LONGITUD) VALUES('3450186640', TO_DATE('2009-12-15', 'YYYY-MM-DD'), 78, 'Estudio profundo de procesos reproductivos despierta preguntas sobre la evolución.', 'APCOL003', 5.672, -73.505553);
INSERT INTO OBSERVACION(ID, FECHA_HORA, NUMERO_INDIVIDUOS, NOTAS, AREA_PROTEGIDA_ID, UBICACION_LATITUD, UBICACION_LONGITUD) VALUES('1099338309', TO_DATE('2014-12-02', 'YYYY-MM-DD'), 46, 'Exploración minuciosa descubre la belleza en los detalles del entorno natural.', 'APCOL003', 5.672, -73.4419);
INSERT INTO OBSERVACION(ID, FECHA_HORA, NUMERO_INDIVIDUOS, NOTAS, AREA_PROTEGIDA_ID, UBICACION_LATITUD, UBICACION_LONGITUD) VALUES('3450183890', TO_DATE('2012-02-16', 'YYYY-MM-DD'), 72, 'Análisis meticuloso de comportamiento proporciona una visión holística del ecosistema.', 'APCOL004', 6.366, -72.360444);
INSERT INTO OBSERVACION(ID, FECHA_HORA, NUMERO_INDIVIDUOS, NOTAS, AREA_PROTEGIDA_ID, UBICACION_LATITUD, UBICACION_LONGITUD) VALUES('3450184357', TO_DATE('2017-05-16', 'YYYY-MM-DD'), 37, 'Observación constante permite entender mejor la interacción entre especies.', 'APCOL004', 6.366, -72.319694);
INSERT INTO OBSERVACION(ID, FECHA_HORA, NUMERO_INDIVIDUOS, NOTAS, AREA_PROTEGIDA_ID, UBICACION_LATITUD, UBICACION_LONGITUD) VALUES('3450183537', TO_DATE('2009-08-21', 'YYYY-MM-DD'), 96, 'Registro riguroso de interacciones muestra la complejidad de las relaciones biológicas.', 'APCOL004', 6.366, -72.361417);
INSERT INTO OBSERVACION(ID, FECHA_HORA, NUMERO_INDIVIDUOS, NOTAS, AREA_PROTEGIDA_ID, UBICACION_LATITUD, UBICACION_LONGITUD) VALUES('781038351', TO_DATE('1973-03-03', 'YYYY-MM-DD'), 60, 'Documentación minuciosa de movimientos revela la movilidad de la vida silvestre.', 'APCOL004', 6.366, -72.327387);
INSERT INTO OBSERVACION(ID, FECHA_HORA, NUMERO_INDIVIDUOS, NOTAS, AREA_PROTEGIDA_ID, UBICACION_LATITUD, UBICACION_LONGITUD) VALUES('3450183461', TO_DATE('2008-07-09', 'YYYY-MM-DD'), 48, 'Seguimiento exhaustivo de hábitos alimenticios desentraña la red trófica.', 'APCOL004', 6.366, -72.319833);
INSERT INTO OBSERVACION(ID, FECHA_HORA, NUMERO_INDIVIDUOS, NOTAS, AREA_PROTEGIDA_ID, UBICACION_LATITUD, UBICACION_LONGITUD) VALUES('3450183100', TO_DATE('2010-08-04', 'YYYY-MM-DD'), 70, 'Estudio detenido de procesos reproductivos ofrece una visión de la continuidad de la vida.', 'APCOL004', 6.366, -72.319833);
INSERT INTO OBSERVACION(ID, FECHA_HORA, NUMERO_INDIVIDUOS, NOTAS, AREA_PROTEGIDA_ID, UBICACION_LATITUD, UBICACION_LONGITUD) VALUES('1890934514', TO_DATE('1972-10-07', 'YYYY-MM-DD'), 94, 'Exploración profunda revela la sorprendente adaptabilidad de los organismos.', 'APCOL004', 6.366, -72.322764);
INSERT INTO OBSERVACION(ID, FECHA_HORA, NUMERO_INDIVIDUOS, NOTAS, AREA_PROTEGIDA_ID, UBICACION_LATITUD, UBICACION_LONGITUD) VALUES('1801413566', TO_DATE('1996-02-01', 'YYYY-MM-DD'), 77, 'Análisis riguroso de comportamiento desvela estrategias de supervivencia únicas.', 'APCOL004', 6.366, -71.182778);
INSERT INTO OBSERVACION(ID, FECHA_HORA, NUMERO_INDIVIDUOS, NOTAS, AREA_PROTEGIDA_ID, UBICACION_LATITUD, UBICACION_LONGITUD) VALUES('2656219349', TO_DATE('2019-01-20', 'YYYY-MM-DD'), 4, 'Observación constante proporciona una comprensión más profunda de los ecosistemas.', 'APCOL004', 6.366, -71.92265);
INSERT INTO OBSERVACION(ID, FECHA_HORA, NUMERO_INDIVIDUOS, NOTAS, AREA_PROTEGIDA_ID, UBICACION_LATITUD, UBICACION_LONGITUD) VALUES('3450183305', TO_DATE('2016-09-22', 'YYYY-MM-DD'), 99, 'Registro meticuloso de interacciones muestra la delicada interconexión de la vida.', 'APCOL004', 6.366, -72.319833);
INSERT INTO OBSERVACION(ID, FECHA_HORA, NUMERO_INDIVIDUOS, NOTAS, AREA_PROTEGIDA_ID, UBICACION_LATITUD, UBICACION_LONGITUD) VALUES('2515521031', TO_DATE('1973-03-13', 'YYYY-MM-DD'), 57, 'Documentación exhaustiva de movimientos desentraña los secretos de la movilidad animal.', 'APCOL004', 6.366, -72.314051);
INSERT INTO OBSERVACION(ID, FECHA_HORA, NUMERO_INDIVIDUOS, NOTAS, AREA_PROTEGIDA_ID, UBICACION_LATITUD, UBICACION_LONGITUD) VALUES('3450183861', TO_DATE('2013-03-23', 'YYYY-MM-DD'), 18, 'Seguimiento detallado de hábitos alimenticios revela patrones alimentarios cruciales.', 'APCOL004', 6.366, -72.3605);
INSERT INTO OBSERVACION(ID, FECHA_HORA, NUMERO_INDIVIDUOS, NOTAS, AREA_PROTEGIDA_ID, UBICACION_LATITUD, UBICACION_LONGITUD) VALUES('3450182732', TO_DATE('2008-07-09', 'YYYY-MM-DD'), 28, 'Estudio profundo de procesos reproductivos arroja luz sobre la perpetuación de las especies.', 'APCOL004', 6.366, -72.319833);
INSERT INTO OBSERVACION(ID, FECHA_HORA, NUMERO_INDIVIDUOS, NOTAS, AREA_PROTEGIDA_ID, UBICACION_LATITUD, UBICACION_LONGITUD) VALUES('3450183379', TO_DATE('2016-09-22', 'YYYY-MM-DD'), 53, 'Exploración minuciosa descubre la riqueza oculta en los microhábitats.', 'APCOL004', 6.366, -72.319694);
INSERT INTO OBSERVACION(ID, FECHA_HORA, NUMERO_INDIVIDUOS, NOTAS, AREA_PROTEGIDA_ID, UBICACION_LATITUD, UBICACION_LONGITUD) VALUES('1318548750', TO_DATE('1938-09-08', 'YYYY-MM-DD'), 16, 'Análisis meticuloso de comportamiento ofrece una visión más completa de la ecología.', 'APCOL004', 6.366, -72.5093);
INSERT INTO OBSERVACION(ID, FECHA_HORA, NUMERO_INDIVIDUOS, NOTAS, AREA_PROTEGIDA_ID, UBICACION_LATITUD, UBICACION_LONGITUD) VALUES('3450184423', TO_DATE('2017-05-16', 'YYYY-MM-DD'), 92, 'Observación constante permite capturar momentos fugaces de la vida salvaje.', 'APCOL004', 6.366, -72.314861);
INSERT INTO OBSERVACION(ID, FECHA_HORA, NUMERO_INDIVIDUOS, NOTAS, AREA_PROTEGIDA_ID, UBICACION_LATITUD, UBICACION_LONGITUD) VALUES('3450185472', TO_DATE('2009-08-21', 'YYYY-MM-DD'), 59, 'Registro riguroso de interacciones revela la complejidad de las relaciones ecológicas.', 'APCOL004', 6.366, -72.3605);
INSERT INTO OBSERVACION(ID, FECHA_HORA, NUMERO_INDIVIDUOS, NOTAS, AREA_PROTEGIDA_ID, UBICACION_LATITUD, UBICACION_LONGITUD) VALUES('3510141113', TO_DATE('2021-02-07', 'YYYY-MM-DD'), 30, 'Documentación minuciosa de movimientos desentraña los misterios de la dispersión.', 'APCOL004', 6.366, -76.01607);
INSERT INTO OBSERVACION(ID, FECHA_HORA, NUMERO_INDIVIDUOS, NOTAS, AREA_PROTEGIDA_ID, UBICACION_LATITUD, UBICACION_LONGITUD) VALUES('3206111405', TO_DATE('2020-10-12', 'YYYY-MM-DD'), 63, 'Seguimiento exhaustivo de hábitos alimenticios revela la competencia por los recursos.', 'APCOL004', 6.366, -71.92265);
INSERT INTO OBSERVACION(ID, FECHA_HORA, NUMERO_INDIVIDUOS, NOTAS, AREA_PROTEGIDA_ID, UBICACION_LATITUD, UBICACION_LONGITUD) VALUES('4453953945', TO_DATE('2023-08-17', 'YYYY-MM-DD'), 21, 'Estudio detenido de procesos reproductivos ofrece una visión de la estrategia reproductiva.', 'APCOL004', 6.366, -72.331803);
INSERT INTO OBSERVACION(ID, FECHA_HORA, NUMERO_INDIVIDUOS, NOTAS, AREA_PROTEGIDA_ID, UBICACION_LATITUD, UBICACION_LONGITUD) VALUES('1257488766', TO_DATE('2014-04-16', 'YYYY-MM-DD'), 7, 'Exploración profunda revela la sorprendente diversidad en cada rincón del ecosistema.', 'APCOL005', 4.793, -75.252457);
INSERT INTO OBSERVACION(ID, FECHA_HORA, NUMERO_INDIVIDUOS, NOTAS, AREA_PROTEGIDA_ID, UBICACION_LATITUD, UBICACION_LONGITUD) VALUES('1257487871', TO_DATE('2014-04-18', 'YYYY-MM-DD'), 74, 'Análisis riguroso de comportamiento desvela estrategias de supervivencia innovadoras.', 'APCOL005', 4.793, -75.315032);
INSERT INTO OBSERVACION(ID, FECHA_HORA, NUMERO_INDIVIDUOS, NOTAS, AREA_PROTEGIDA_ID, UBICACION_LATITUD, UBICACION_LONGITUD) VALUES('986399439', TO_DATE('2011-08-04', 'YYYY-MM-DD'), 12, 'Observación constante ofrece una ventana a la complejidad de la vida salvaje.', 'APCOL005', 4.793, -75.4433);
INSERT INTO OBSERVACION(ID, FECHA_HORA, NUMERO_INDIVIDUOS, NOTAS, AREA_PROTEGIDA_ID, UBICACION_LATITUD, UBICACION_LONGITUD) VALUES('1257487787', TO_DATE('2014-04-24', 'YYYY-MM-DD'), 74, 'Registro meticuloso de interacciones muestra el tejido interconectado de la naturaleza.', 'APCOL005', 4.793, -75.32569);
INSERT INTO OBSERVACION(ID, FECHA_HORA, NUMERO_INDIVIDUOS, NOTAS, AREA_PROTEGIDA_ID, UBICACION_LATITUD, UBICACION_LONGITUD) VALUES('1257487923', TO_DATE('2014-04-18', 'YYYY-MM-DD'), 63, 'Documentación exhaustiva de movimientos desentraña los misterios de la migración.', 'APCOL005', 4.793, -75.315222);
INSERT INTO OBSERVACION(ID, FECHA_HORA, NUMERO_INDIVIDUOS, NOTAS, AREA_PROTEGIDA_ID, UBICACION_LATITUD, UBICACION_LONGITUD) VALUES('1257488423', TO_DATE('2014-04-11', 'YYYY-MM-DD'), 54, 'Seguimiento detallado de hábitos alimenticios revela la dinámica de la dieta.', 'APCOL005', 4.793, -75.306654);
INSERT INTO OBSERVACION(ID, FECHA_HORA, NUMERO_INDIVIDUOS, NOTAS, AREA_PROTEGIDA_ID, UBICACION_LATITUD, UBICACION_LONGITUD) VALUES('2243141989', TO_DATE('2010-06-24', 'YYYY-MM-DD'), 32, 'Estudio profundo de procesos reproductivos despierta preguntas sobre la evolución.', 'APCOL005', 4.793, -75.4125);
INSERT INTO OBSERVACION(ID, FECHA_HORA, NUMERO_INDIVIDUOS, NOTAS, AREA_PROTEGIDA_ID, UBICACION_LATITUD, UBICACION_LONGITUD) VALUES('986398764', TO_DATE('2011-06-09', 'YYYY-MM-DD'), 95, 'Exploración minuciosa descubre la belleza en los detalles del entorno natural.', 'APCOL005', 4.793, -75.44585);
INSERT INTO OBSERVACION(ID, FECHA_HORA, NUMERO_INDIVIDUOS, NOTAS, AREA_PROTEGIDA_ID, UBICACION_LATITUD, UBICACION_LONGITUD) VALUES('1257486061', TO_DATE('2014-04-22', 'YYYY-MM-DD'), 25, 'Análisis meticuloso de comportamiento proporciona una visión holística del ecosistema.', 'APCOL005', 4.793, -75.321269);
INSERT INTO OBSERVACION(ID, FECHA_HORA, NUMERO_INDIVIDUOS, NOTAS, AREA_PROTEGIDA_ID, UBICACION_LATITUD, UBICACION_LONGITUD) VALUES('1051526780', TO_DATE('2014-03-23', 'YYYY-MM-DD'), 24, 'Observación constante permite entender mejor la interacción entre especies.', 'APCOL005', 4.793, -75.42075);
INSERT INTO OBSERVACION(ID, FECHA_HORA, NUMERO_INDIVIDUOS, NOTAS, AREA_PROTEGIDA_ID, UBICACION_LATITUD, UBICACION_LONGITUD) VALUES('1257487931', TO_DATE('2014-04-18', 'YYYY-MM-DD'), 67, 'Registro riguroso de interacciones muestra la complejidad de las relaciones biológicas.', 'APCOL005', 4.793, -75.315032);
INSERT INTO OBSERVACION(ID, FECHA_HORA, NUMERO_INDIVIDUOS, NOTAS, AREA_PROTEGIDA_ID, UBICACION_LATITUD, UBICACION_LONGITUD) VALUES('3467698370', TO_DATE('2017-07-07', 'YYYY-MM-DD'), 80, 'Documentación minuciosa de movimientos revela la movilidad de la vida silvestre.', 'APCOL005', 4.793, -75.445639);
INSERT INTO OBSERVACION(ID, FECHA_HORA, NUMERO_INDIVIDUOS, NOTAS, AREA_PROTEGIDA_ID, UBICACION_LATITUD, UBICACION_LONGITUD) VALUES('1257491482', TO_DATE('2014-05-15', 'YYYY-MM-DD'), 46, 'Seguimiento exhaustivo de hábitos alimenticios desentraña la red trófica.', 'APCOL005', 4.793, -75.326549);
INSERT INTO OBSERVACION(ID, FECHA_HORA, NUMERO_INDIVIDUOS, NOTAS, AREA_PROTEGIDA_ID, UBICACION_LATITUD, UBICACION_LONGITUD) VALUES('1257486864', TO_DATE('2014-03-23', 'YYYY-MM-DD'), 70, 'Estudio detenido de procesos reproductivos ofrece una visión de la continuidad de la vida.', 'APCOL005', 4.793, -75.237673);
INSERT INTO OBSERVACION(ID, FECHA_HORA, NUMERO_INDIVIDUOS, NOTAS, AREA_PROTEGIDA_ID, UBICACION_LATITUD, UBICACION_LONGITUD) VALUES('1257486036', TO_DATE('2014-04-22', 'YYYY-MM-DD'), 68, 'Exploración profunda revela la sorprendente adaptabilidad de los organismos.', 'APCOL005', 4.793, -75.321328);
INSERT INTO OBSERVACION(ID, FECHA_HORA, NUMERO_INDIVIDUOS, NOTAS, AREA_PROTEGIDA_ID, UBICACION_LATITUD, UBICACION_LONGITUD) VALUES('1932174958', TO_DATE('1995-01-15', 'YYYY-MM-DD'), 11, 'Análisis riguroso de comportamiento desvela estrategias de supervivencia únicas.', 'APCOL005', 4.793, -75.3);
INSERT INTO OBSERVACION(ID, FECHA_HORA, NUMERO_INDIVIDUOS, NOTAS, AREA_PROTEGIDA_ID, UBICACION_LATITUD, UBICACION_LONGITUD) VALUES('1257486384', TO_DATE('2014-04-18', 'YYYY-MM-DD'), 42, 'Observación constante proporciona una comprensión más profunda de los ecosistemas.', 'APCOL005', 4.793, -75.315032);
INSERT INTO OBSERVACION(ID, FECHA_HORA, NUMERO_INDIVIDUOS, NOTAS, AREA_PROTEGIDA_ID, UBICACION_LATITUD, UBICACION_LONGITUD) VALUES('1932170244', TO_DATE('1995-01-15', 'YYYY-MM-DD'), 4, 'Registro meticuloso de interacciones muestra la delicada interconexión de la vida.', 'APCOL005', 4.793, -75.3);
INSERT INTO OBSERVACION(ID, FECHA_HORA, NUMERO_INDIVIDUOS, NOTAS, AREA_PROTEGIDA_ID, UBICACION_LATITUD, UBICACION_LONGITUD) VALUES('2243142704', TO_DATE('2012-01-10', 'YYYY-MM-DD'), 89, 'Documentación exhaustiva de movimientos desentraña los secretos de la movilidad animal.', 'APCOL005', 4.793, -75.45869);
INSERT INTO OBSERVACION(ID, FECHA_HORA, NUMERO_INDIVIDUOS, NOTAS, AREA_PROTEGIDA_ID, UBICACION_LATITUD, UBICACION_LONGITUD) VALUES('4156572359', TO_DATE('2023-03-20', 'YYYY-MM-DD'), 100, 'Seguimiento detallado de hábitos alimenticios revela patrones alimentarios cruciales.', 'APCOL005', 4.793, -75.365364);
INSERT INTO OBSERVACION(ID, FECHA_HORA, NUMERO_INDIVIDUOS, NOTAS, AREA_PROTEGIDA_ID, UBICACION_LATITUD, UBICACION_LONGITUD) VALUES('2243553015', TO_DATE('2011-02-04', 'YYYY-MM-DD'), 21, 'Estudio profundo de procesos reproductivos arroja luz sobre la perpetuación de las especies.', 'APCOL006', 4.729, -75.577);
INSERT INTO OBSERVACION(ID, FECHA_HORA, NUMERO_INDIVIDUOS, NOTAS, AREA_PROTEGIDA_ID, UBICACION_LATITUD, UBICACION_LONGITUD) VALUES('962763380', TO_DATE('2013-08-07', 'YYYY-MM-DD'), 48, 'Exploración minuciosa descubre la riqueza oculta en los microhábitats.', 'APCOL006', 4.729, -75.56697);
INSERT INTO OBSERVACION(ID, FECHA_HORA, NUMERO_INDIVIDUOS, NOTAS, AREA_PROTEGIDA_ID, UBICACION_LATITUD, UBICACION_LONGITUD) VALUES('4385548746', TO_DATE('2022-12-01', 'YYYY-MM-DD'), 35, 'Análisis meticuloso de comportamiento ofrece una visión más completa de la ecología.', 'APCOL006', 4.729, -75.54968);
INSERT INTO OBSERVACION(ID, FECHA_HORA, NUMERO_INDIVIDUOS, NOTAS, AREA_PROTEGIDA_ID, UBICACION_LATITUD, UBICACION_LONGITUD) VALUES('2121202693', TO_DATE('2018-01-14', 'YYYY-MM-DD'), 2, 'Observación constante permite capturar momentos fugaces de la vida salvaje.', 'APCOL006', 4.729, -75.54968);
INSERT INTO OBSERVACION(ID, FECHA_HORA, NUMERO_INDIVIDUOS, NOTAS, AREA_PROTEGIDA_ID, UBICACION_LATITUD, UBICACION_LONGITUD) VALUES('2189964860', TO_DATE('2017-04-17', 'YYYY-MM-DD'), 11, 'Registro riguroso de interacciones revela la complejidad de las relaciones ecológicas.', 'APCOL006', 4.729, -75.57157);
INSERT INTO OBSERVACION(ID, FECHA_HORA, NUMERO_INDIVIDUOS, NOTAS, AREA_PROTEGIDA_ID, UBICACION_LATITUD, UBICACION_LONGITUD) VALUES('3157741276', TO_DATE('2020-03-12', 'YYYY-MM-DD'), 65, 'Documentación minuciosa de movimientos desentraña los misterios de la dispersión.', 'APCOL006', 4.729, -75.54968);
INSERT INTO OBSERVACION(ID, FECHA_HORA, NUMERO_INDIVIDUOS, NOTAS, AREA_PROTEGIDA_ID, UBICACION_LATITUD, UBICACION_LONGITUD) VALUES('2725390869', TO_DATE('2019-11-13', 'YYYY-MM-DD'), 81, 'Seguimiento exhaustivo de hábitos alimenticios revela la competencia por los recursos.', 'APCOL006', 4.729, -75.54968);
INSERT INTO OBSERVACION(ID, FECHA_HORA, NUMERO_INDIVIDUOS, NOTAS, AREA_PROTEGIDA_ID, UBICACION_LATITUD, UBICACION_LONGITUD) VALUES('963077394', TO_DATE('2013-08-07', 'YYYY-MM-DD'), 93, 'Estudio detenido de procesos reproductivos ofrece una visión de la estrategia reproductiva.', 'APCOL006', 4.729, -75.56697);
INSERT INTO OBSERVACION(ID, FECHA_HORA, NUMERO_INDIVIDUOS, NOTAS, AREA_PROTEGIDA_ID, UBICACION_LATITUD, UBICACION_LONGITUD) VALUES('3118582323', TO_DATE('2011-03-07', 'YYYY-MM-DD'), 84, 'Exploración profunda revela la sorprendente diversidad en cada rincón del ecosistema.', 'APCOL006', 4.729, -75.56819);
INSERT INTO OBSERVACION(ID, FECHA_HORA, NUMERO_INDIVIDUOS, NOTAS, AREA_PROTEGIDA_ID, UBICACION_LATITUD, UBICACION_LONGITUD) VALUES('1406994574', TO_DATE('2014-06-09', 'YYYY-MM-DD'), 10, 'Análisis riguroso de comportamiento desvela estrategias de supervivencia innovadoras.', 'APCOL006', 4.729, -75.54006);
INSERT INTO OBSERVACION(ID, FECHA_HORA, NUMERO_INDIVIDUOS, NOTAS, AREA_PROTEGIDA_ID, UBICACION_LATITUD, UBICACION_LONGITUD) VALUES('1201668493', TO_DATE('2014-12-15', 'YYYY-MM-DD'), 2, 'Observación constante ofrece una ventana a la complejidad de la vida salvaje.', 'APCOL006', 4.729, -75.559364);
INSERT INTO OBSERVACION(ID, FECHA_HORA, NUMERO_INDIVIDUOS, NOTAS, AREA_PROTEGIDA_ID, UBICACION_LATITUD, UBICACION_LONGITUD) VALUES('1932170032', TO_DATE('2003-12-27', 'YYYY-MM-DD'), 40, 'Registro meticuloso de interacciones muestra el tejido interconectado de la naturaleza.', 'APCOL006', 4.729, -75.56);
INSERT INTO OBSERVACION(ID, FECHA_HORA, NUMERO_INDIVIDUOS, NOTAS, AREA_PROTEGIDA_ID, UBICACION_LATITUD, UBICACION_LONGITUD) VALUES('4254212936', TO_DATE('2022-11-11', 'YYYY-MM-DD'), 28, 'Documentación exhaustiva de movimientos desentraña los misterios de la migración.', 'APCOL006', 4.729, -75.54968);
INSERT INTO OBSERVACION(ID, FECHA_HORA, NUMERO_INDIVIDUOS, NOTAS, AREA_PROTEGIDA_ID, UBICACION_LATITUD, UBICACION_LONGITUD) VALUES('2700698628', TO_DATE('2014-02-19', 'YYYY-MM-DD'), 10, 'Seguimiento detallado de hábitos alimenticios revela la dinámica de la dieta.', 'APCOL006', 4.729, -75.62207);
INSERT INTO OBSERVACION(ID, FECHA_HORA, NUMERO_INDIVIDUOS, NOTAS, AREA_PROTEGIDA_ID, UBICACION_LATITUD, UBICACION_LONGITUD) VALUES('943721544', TO_DATE('2013-01-09', 'YYYY-MM-DD'), 39, 'Estudio profundo de procesos reproductivos despierta preguntas sobre la evolución.', 'APCOL006', 4.729, -75.74249);
INSERT INTO OBSERVACION(ID, FECHA_HORA, NUMERO_INDIVIDUOS, NOTAS, AREA_PROTEGIDA_ID, UBICACION_LATITUD, UBICACION_LONGITUD) VALUES('1384726518', TO_DATE('2015-08-28', 'YYYY-MM-DD'), 18, 'Exploración minuciosa descubre la belleza en los detalles del entorno natural.', 'APCOL006', 4.729, -75.57534);
INSERT INTO OBSERVACION(ID, FECHA_HORA, NUMERO_INDIVIDUOS, NOTAS, AREA_PROTEGIDA_ID, UBICACION_LATITUD, UBICACION_LONGITUD) VALUES('2229910338', TO_DATE('2018-11-25', 'YYYY-MM-DD'), 94, 'Análisis meticuloso de comportamiento proporciona una visión holística del ecosistema.', 'APCOL006', 4.729, -75.54968);
INSERT INTO OBSERVACION(ID, FECHA_HORA, NUMERO_INDIVIDUOS, NOTAS, AREA_PROTEGIDA_ID, UBICACION_LATITUD, UBICACION_LONGITUD) VALUES('1932164057', TO_DATE('2003-08-10', 'YYYY-MM-DD'), 23, 'Observación constante permite entender mejor la interacción entre especies.', 'APCOL006', 4.729, -75.541833);
INSERT INTO OBSERVACION(ID, FECHA_HORA, NUMERO_INDIVIDUOS, NOTAS, AREA_PROTEGIDA_ID, UBICACION_LATITUD, UBICACION_LONGITUD) VALUES('2682686389', TO_DATE('2014-02-19', 'YYYY-MM-DD'), 6, 'Registro riguroso de interacciones muestra la complejidad de las relaciones biológicas.', 'APCOL006', 4.729, -75.62207);
INSERT INTO OBSERVACION(ID, FECHA_HORA, NUMERO_INDIVIDUOS, NOTAS, AREA_PROTEGIDA_ID, UBICACION_LATITUD, UBICACION_LONGITUD) VALUES('3118582350', TO_DATE('2011-03-15', 'YYYY-MM-DD'), 52, 'Documentación minuciosa de movimientos revela la movilidad de la vida silvestre.', 'APCOL006', 4.729, -75.56758);
INSERT INTO OBSERVACION(ID, FECHA_HORA, NUMERO_INDIVIDUOS, NOTAS, AREA_PROTEGIDA_ID, UBICACION_LATITUD, UBICACION_LONGITUD) VALUES('1707666195', TO_DATE('1979-06-06', 'YYYY-MM-DD'), 91, 'Seguimiento exhaustivo de hábitos alimenticios desentraña la red trófica.', 'APCOL007', 11.306, -74.106944);
INSERT INTO OBSERVACION(ID, FECHA_HORA, NUMERO_INDIVIDUOS, NOTAS, AREA_PROTEGIDA_ID, UBICACION_LATITUD, UBICACION_LONGITUD) VALUES('2301952668', TO_DATE('1993-07-02', 'YYYY-MM-DD'), 82, 'Estudio detenido de procesos reproductivos ofrece una visión de la continuidad de la vida.', 'APCOL007', 11.306, -74.116667);
INSERT INTO OBSERVACION(ID, FECHA_HORA, NUMERO_INDIVIDUOS, NOTAS, AREA_PROTEGIDA_ID, UBICACION_LATITUD, UBICACION_LONGITUD) VALUES('1054244406', TO_DATE('2014-11-18', 'YYYY-MM-DD'), 14, 'Exploración profunda revela la sorprendente adaptabilidad de los organismos.', 'APCOL007', 11.306, -74.127667);
INSERT INTO OBSERVACION(ID, FECHA_HORA, NUMERO_INDIVIDUOS, NOTAS, AREA_PROTEGIDA_ID, UBICACION_LATITUD, UBICACION_LONGITUD) VALUES('1707666558', TO_DATE('1980-01-10', 'YYYY-MM-DD'), 56, 'Observación constante proporciona una comprensión más profunda de los ecosistemas.', 'APCOL007', 11.306, -73.9);
INSERT INTO OBSERVACION(ID, FECHA_HORA, NUMERO_INDIVIDUOS, NOTAS, AREA_PROTEGIDA_ID, UBICACION_LATITUD, UBICACION_LONGITUD) VALUES('1038607590', TO_DATE('2001-11-30', 'YYYY-MM-DD'), 90, 'Registro meticuloso de interacciones muestra la delicada interconexión de la vida.', 'APCOL007', 11.306, -73.949532);
INSERT INTO OBSERVACION(ID, FECHA_HORA, NUMERO_INDIVIDUOS, NOTAS, AREA_PROTEGIDA_ID, UBICACION_LATITUD, UBICACION_LONGITUD) VALUES('1890967372', TO_DATE('1983-06-25', 'YYYY-MM-DD'), 96, 'Documentación exhaustiva de movimientos desentraña los secretos de la movilidad animal.', 'APCOL007', 11.306, -74.116667);
INSERT INTO OBSERVACION(ID, FECHA_HORA, NUMERO_INDIVIDUOS, NOTAS, AREA_PROTEGIDA_ID, UBICACION_LATITUD, UBICACION_LONGITUD) VALUES('1314997860', TO_DATE('1976-03-26', 'YYYY-MM-DD'), 1, 'Seguimiento detallado de hábitos alimenticios revela patrones alimentarios cruciales.', 'APCOL007', 11.306, -73.9281);
INSERT INTO OBSERVACION(ID, FECHA_HORA, NUMERO_INDIVIDUOS, NOTAS, AREA_PROTEGIDA_ID, UBICACION_LATITUD, UBICACION_LONGITUD) VALUES('1054245699', TO_DATE('2014-11-18', 'YYYY-MM-DD'), 90, 'Estudio profundo de procesos reproductivos arroja luz sobre la perpetuación de las especies.', 'APCOL007', 11.306, -74.127667);
INSERT INTO OBSERVACION(ID, FECHA_HORA, NUMERO_INDIVIDUOS, NOTAS, AREA_PROTEGIDA_ID, UBICACION_LATITUD, UBICACION_LONGITUD) VALUES('1890933546', TO_DATE('1975-12-29', 'YYYY-MM-DD'), 58, 'Exploración minuciosa descubre la riqueza oculta en los microhábitats.', 'APCOL007', 11.306, -74.116667);
INSERT INTO OBSERVACION(ID, FECHA_HORA, NUMERO_INDIVIDUOS, NOTAS, AREA_PROTEGIDA_ID, UBICACION_LATITUD, UBICACION_LONGITUD) VALUES('4453948600', TO_DATE('2022-12-23', 'YYYY-MM-DD'), 86, 'Análisis meticuloso de comportamiento ofrece una visión más completa de la ecología.', 'APCOL007', 11.306, -73.9449);
INSERT INTO OBSERVACION(ID, FECHA_HORA, NUMERO_INDIVIDUOS, NOTAS, AREA_PROTEGIDA_ID, UBICACION_LATITUD, UBICACION_LONGITUD) VALUES('1932081748', TO_DATE('2000-01-21', 'YYYY-MM-DD'), 90, 'Observación constante permite capturar momentos fugaces de la vida salvaje.', 'APCOL007', 11.306, -73.943964);
INSERT INTO OBSERVACION(ID, FECHA_HORA, NUMERO_INDIVIDUOS, NOTAS, AREA_PROTEGIDA_ID, UBICACION_LATITUD, UBICACION_LONGITUD) VALUES('1054244351', TO_DATE('2014-11-18', 'YYYY-MM-DD'), 24, 'Registro riguroso de interacciones revela la complejidad de las relaciones ecológicas.', 'APCOL007', 11.306, -74.127667);
INSERT INTO OBSERVACION(ID, FECHA_HORA, NUMERO_INDIVIDUOS, NOTAS, AREA_PROTEGIDA_ID, UBICACION_LATITUD, UBICACION_LONGITUD) VALUES('2574257856', TO_DATE('2020-01-31', 'YYYY-MM-DD'), 44, 'Documentación minuciosa de movimientos desentraña los misterios de la dispersión.', 'APCOL007', 11.306, -73.931152);
INSERT INTO OBSERVACION(ID, FECHA_HORA, NUMERO_INDIVIDUOS, NOTAS, AREA_PROTEGIDA_ID, UBICACION_LATITUD, UBICACION_LONGITUD) VALUES('1707665941', TO_DATE('1979-12-15', 'YYYY-MM-DD'), 12, 'Seguimiento exhaustivo de hábitos alimenticios revela la competencia por los recursos.', 'APCOL007', 11.306, -74.106944);
INSERT INTO OBSERVACION(ID, FECHA_HORA, NUMERO_INDIVIDUOS, NOTAS, AREA_PROTEGIDA_ID, UBICACION_LATITUD, UBICACION_LONGITUD) VALUES('3330738543', TO_DATE('2021-07-10', 'YYYY-MM-DD'), 28, 'Estudio detenido de procesos reproductivos ofrece una visión de la estrategia reproductiva.', 'APCOL007', 11.306, -74.166419);
INSERT INTO OBSERVACION(ID, FECHA_HORA, NUMERO_INDIVIDUOS, NOTAS, AREA_PROTEGIDA_ID, UBICACION_LATITUD, UBICACION_LONGITUD) VALUES('1932084404', TO_DATE('1998-01-17', 'YYYY-MM-DD'), 65, 'Exploración profunda revela la sorprendente diversidad en cada rincón del ecosistema.', 'APCOL007', 11.306, -73.943964);
INSERT INTO OBSERVACION(ID, FECHA_HORA, NUMERO_INDIVIDUOS, NOTAS, AREA_PROTEGIDA_ID, UBICACION_LATITUD, UBICACION_LONGITUD) VALUES('1990612845', TO_DATE('2018-01-13', 'YYYY-MM-DD'), 20, 'Análisis riguroso de comportamiento desvela estrategias de supervivencia innovadoras.', 'APCOL007', 11.306, -73.959291);
INSERT INTO OBSERVACION(ID, FECHA_HORA, NUMERO_INDIVIDUOS, NOTAS, AREA_PROTEGIDA_ID, UBICACION_LATITUD, UBICACION_LONGITUD) VALUES('1707666547', TO_DATE('1979-12-21', 'YYYY-MM-DD'), 72, 'Observación constante ofrece una ventana a la complejidad de la vida salvaje.', 'APCOL007', 11.306, -73.916667);
INSERT INTO OBSERVACION(ID, FECHA_HORA, NUMERO_INDIVIDUOS, NOTAS, AREA_PROTEGIDA_ID, UBICACION_LATITUD, UBICACION_LONGITUD) VALUES('1932086141', TO_DATE('1998-01-17', 'YYYY-MM-DD'), 57, 'Registro meticuloso de interacciones muestra el tejido interconectado de la naturaleza.', 'APCOL007', 11.306, -73.943964);
INSERT INTO OBSERVACION(ID, FECHA_HORA, NUMERO_INDIVIDUOS, NOTAS, AREA_PROTEGIDA_ID, UBICACION_LATITUD, UBICACION_LONGITUD) VALUES('1932078329', TO_DATE('1996-06-16', 'YYYY-MM-DD'), 58, 'Documentación exhaustiva de movimientos desentraña los misterios de la migración.', 'APCOL008', 10.8000, -74.1166);
INSERT INTO OBSERVACION(ID, FECHA_HORA, NUMERO_INDIVIDUOS, NOTAS, AREA_PROTEGIDA_ID, UBICACION_LATITUD, UBICACION_LONGITUD) VALUES('3459481613', TO_DATE('2017-12-17', 'YYYY-MM-DD'), 78, 'Seguimiento detallado de hábitos alimenticios revela la dinámica de la dieta.', 'APCOL008', 10.8000, -75.829167);
INSERT INTO OBSERVACION(ID, FECHA_HORA, NUMERO_INDIVIDUOS, NOTAS, AREA_PROTEGIDA_ID, UBICACION_LATITUD, UBICACION_LONGITUD) VALUES('1932078649', TO_DATE('2005-06-13', 'YYYY-MM-DD'), 23, 'Estudio profundo de procesos reproductivos despierta preguntas sobre la evolución.', 'APCOL008', 10.8000, -74.1166);
INSERT INTO OBSERVACION(ID, FECHA_HORA, NUMERO_INDIVIDUOS, NOTAS, AREA_PROTEGIDA_ID, UBICACION_LATITUD, UBICACION_LONGITUD) VALUES('1932086550', TO_DATE('1999-02-13', 'YYYY-MM-DD'), 62, 'Exploración minuciosa descubre la belleza en los detalles del entorno natural.', 'APCOL008', 10.8000, -73.943964);
INSERT INTO OBSERVACION(ID, FECHA_HORA, NUMERO_INDIVIDUOS, NOTAS, AREA_PROTEGIDA_ID, UBICACION_LATITUD, UBICACION_LONGITUD) VALUES('1932038943', TO_DATE('2004-04-25', 'YYYY-MM-DD'), 13, 'Análisis meticuloso de comportamiento proporciona una visión holística del ecosistema.', 'APCOL008', 10.8000, -74.730248);
INSERT INTO OBSERVACION(ID, FECHA_HORA, NUMERO_INDIVIDUOS, NOTAS, AREA_PROTEGIDA_ID, UBICACION_LATITUD, UBICACION_LONGITUD) VALUES('1931980770', TO_DATE('2002-04-15', 'YYYY-MM-DD'), 92, 'Observación constante permite entender mejor la interacción entre especies.', 'APCOL008', 10.8000, -75.8167);
INSERT INTO OBSERVACION(ID, FECHA_HORA, NUMERO_INDIVIDUOS, NOTAS, AREA_PROTEGIDA_ID, UBICACION_LATITUD, UBICACION_LONGITUD) VALUES('1932034581', TO_DATE('2004-04-25', 'YYYY-MM-DD'), 75, 'Registro riguroso de interacciones muestra la complejidad de las relaciones biológicas.', 'APCOL008', 10.8000, -73.634649);
INSERT INTO OBSERVACION(ID, FECHA_HORA, NUMERO_INDIVIDUOS, NOTAS, AREA_PROTEGIDA_ID, UBICACION_LATITUD, UBICACION_LONGITUD) VALUES('1932079222', TO_DATE('1996-02-04', 'YYYY-MM-DD'), 47, 'Documentación minuciosa de movimientos revela la movilidad de la vida silvestre.', 'APCOL008', 10.8000, -74.231246);
INSERT INTO OBSERVACION(ID, FECHA_HORA, NUMERO_INDIVIDUOS, NOTAS, AREA_PROTEGIDA_ID, UBICACION_LATITUD, UBICACION_LONGITUD) VALUES('3459478981', TO_DATE('2015-11-03', 'YYYY-MM-DD'), 56, 'Seguimiento exhaustivo de hábitos alimenticios desentraña la red trófica.', 'APCOL008', 10.8000, -74.301599);
INSERT INTO OBSERVACION(ID, FECHA_HORA, NUMERO_INDIVIDUOS, NOTAS, AREA_PROTEGIDA_ID, UBICACION_LATITUD, UBICACION_LONGITUD) VALUES('1932035116', TO_DATE('1995-05-26', 'YYYY-MM-DD'), 63, 'Estudio detenido de procesos reproductivos ofrece una visión de la continuidad de la vida.', 'APCOL008', 10.8000, -73.634649);
INSERT INTO OBSERVACION(ID, FECHA_HORA, NUMERO_INDIVIDUOS, NOTAS, AREA_PROTEGIDA_ID, UBICACION_LATITUD, UBICACION_LONGITUD) VALUES('1931977078', TO_DATE('2002-04-15', 'YYYY-MM-DD'), 69, 'Exploración profunda revela la sorprendente adaptabilidad de los organismos.', 'APCOL008', 10.8000, -75.8167);
INSERT INTO OBSERVACION(ID, FECHA_HORA, NUMERO_INDIVIDUOS, NOTAS, AREA_PROTEGIDA_ID, UBICACION_LATITUD, UBICACION_LONGITUD) VALUES('1931977629', TO_DATE('2002-04-15', 'YYYY-MM-DD'), 57, 'Análisis riguroso de comportamiento desvela estrategias de supervivencia únicas.', 'APCOL008', 10.8000, -75.8167);
INSERT INTO OBSERVACION(ID, FECHA_HORA, NUMERO_INDIVIDUOS, NOTAS, AREA_PROTEGIDA_ID, UBICACION_LATITUD, UBICACION_LONGITUD) VALUES('1844928925', TO_DATE('1974-02-11', 'YYYY-MM-DD'), 49, 'Observación constante proporciona una comprensión más profunda de los ecosistemas.', 'APCOL008', 10.8000, -74.2333);
INSERT INTO OBSERVACION(ID, FECHA_HORA, NUMERO_INDIVIDUOS, NOTAS, AREA_PROTEGIDA_ID, UBICACION_LATITUD, UBICACION_LONGITUD) VALUES('1932043409', TO_DATE('1990-12-22', 'YYYY-MM-DD'), 50, 'Registro meticuloso de interacciones muestra la delicada interconexión de la vida.', 'APCOL008', 10.8000, -74.730248);
INSERT INTO OBSERVACION(ID, FECHA_HORA, NUMERO_INDIVIDUOS, NOTAS, AREA_PROTEGIDA_ID, UBICACION_LATITUD, UBICACION_LONGITUD) VALUES('1932034509', TO_DATE('2004-05-05', 'YYYY-MM-DD'), 77, 'Documentación exhaustiva de movimientos desentraña los secretos de la movilidad animal.', 'APCOL008', 10.8000, -73.634649);
INSERT INTO OBSERVACION(ID, FECHA_HORA, NUMERO_INDIVIDUOS, NOTAS, AREA_PROTEGIDA_ID, UBICACION_LATITUD, UBICACION_LONGITUD) VALUES('1932033272', TO_DATE('1996-06-16', 'YYYY-MM-DD'), 88, 'Seguimiento detallado de hábitos alimenticios revela patrones alimentarios cruciales.', 'APCOL008', 10.8000, -73.634649);
INSERT INTO OBSERVACION(ID, FECHA_HORA, NUMERO_INDIVIDUOS, NOTAS, AREA_PROTEGIDA_ID, UBICACION_LATITUD, UBICACION_LONGITUD) VALUES('1932034305', TO_DATE('1995-05-26', 'YYYY-MM-DD'), 7, 'Estudio profundo de procesos reproductivos arroja luz sobre la perpetuación de las especies.', 'APCOL008', 10.8000, -73.634649);
INSERT INTO OBSERVACION(ID, FECHA_HORA, NUMERO_INDIVIDUOS, NOTAS, AREA_PROTEGIDA_ID, UBICACION_LATITUD, UBICACION_LONGITUD) VALUES('1314945996', TO_DATE('1977-04-07', 'YYYY-MM-DD'), 73, 'Exploración minuciosa descubre la riqueza oculta en los microhábitats.', 'APCOL008', 10.8000, -74.1115);
INSERT INTO OBSERVACION(ID, FECHA_HORA, NUMERO_INDIVIDUOS, NOTAS, AREA_PROTEGIDA_ID, UBICACION_LATITUD, UBICACION_LONGITUD) VALUES('3045927910', TO_DATE('1986-04-20', 'YYYY-MM-DD'), 89, 'Análisis meticuloso de comportamiento ofrece una visión más completa de la ecología.', 'APCOL008', 10.8000, -74.2333);
INSERT INTO OBSERVACION(ID, FECHA_HORA, NUMERO_INDIVIDUOS, NOTAS, AREA_PROTEGIDA_ID, UBICACION_LATITUD, UBICACION_LONGITUD) VALUES('1932031935', TO_DATE('1995-05-26', 'YYYY-MM-DD'), 32, 'Observación constante permite capturar momentos fugaces de la vida salvaje.', 'APCOL008', 10.8000, -73.634649);
INSERT INTO OBSERVACION(ID, FECHA_HORA, NUMERO_INDIVIDUOS, NOTAS, AREA_PROTEGIDA_ID, UBICACION_LATITUD, UBICACION_LONGITUD) VALUES('2283950490', TO_DATE('2016-05-02', 'YYYY-MM-DD'), 17, 'Registro riguroso de interacciones revela la complejidad de las relaciones ecológicas.', 'APCOL009', 2.9761, -74.8709);
INSERT INTO OBSERVACION(ID, FECHA_HORA, NUMERO_INDIVIDUOS, NOTAS, AREA_PROTEGIDA_ID, UBICACION_LATITUD, UBICACION_LONGITUD) VALUES('3530474281', TO_DATE('2021-04-03', 'YYYY-MM-DD'), 95, 'Documentación minuciosa de movimientos desentraña los misterios de la dispersión.', 'APCOL009', 2.9762, -74.8708);
INSERT INTO OBSERVACION(ID, FECHA_HORA, NUMERO_INDIVIDUOS, NOTAS, AREA_PROTEGIDA_ID, UBICACION_LATITUD, UBICACION_LONGITUD) VALUES('3978882673', TO_DATE('2021-03-31', 'YYYY-MM-DD'), 65, 'Seguimiento exhaustivo de hábitos alimenticios revela la competencia por los recursos.', 'APCOL009', 2.9763, -74.8707);
INSERT INTO OBSERVACION(ID, FECHA_HORA, NUMERO_INDIVIDUOS, NOTAS, AREA_PROTEGIDA_ID, UBICACION_LATITUD, UBICACION_LONGITUD) VALUES('4015530010', TO_DATE('2021-03-23', 'YYYY-MM-DD'), 37, 'Estudio detenido de procesos reproductivos ofrece una visión de la estrategia reproductiva.', 'APCOL009', 2.9764, -74.8706);
INSERT INTO OBSERVACION(ID, FECHA_HORA, NUMERO_INDIVIDUOS, NOTAS, AREA_PROTEGIDA_ID, UBICACION_LATITUD, UBICACION_LONGITUD) VALUES('3978885504', TO_DATE('2021-03-26', 'YYYY-MM-DD'), 26, 'Exploración profunda revela la sorprendente diversidad en cada rincón del ecosistema.', 'APCOL009', 2.9765, -74.8705);
INSERT INTO OBSERVACION(ID, FECHA_HORA, NUMERO_INDIVIDUOS, NOTAS, AREA_PROTEGIDA_ID, UBICACION_LATITUD, UBICACION_LONGITUD) VALUES('2283950288', TO_DATE('2016-05-02', 'YYYY-MM-DD'), 47, 'Análisis riguroso de comportamiento desvela estrategias de supervivencia innovadoras.', 'APCOL009', 2.9766, -74.8704);
INSERT INTO OBSERVACION(ID, FECHA_HORA, NUMERO_INDIVIDUOS, NOTAS, AREA_PROTEGIDA_ID, UBICACION_LATITUD, UBICACION_LONGITUD) VALUES('3607101091', TO_DATE('2021-03-22', 'YYYY-MM-DD'), 87, 'Observación constante ofrece una ventana a la complejidad de la vida salvaje.', 'APCOL009', 2.9767, -74.8703);
INSERT INTO OBSERVACION(ID, FECHA_HORA, NUMERO_INDIVIDUOS, NOTAS, AREA_PROTEGIDA_ID, UBICACION_LATITUD, UBICACION_LONGITUD) VALUES('2283952758', TO_DATE('2016-04-27', 'YYYY-MM-DD'), 57, 'Registro meticuloso de interacciones muestra el tejido interconectado de la naturaleza.', 'APCOL009', 2.9768, -74.8702);
INSERT INTO OBSERVACION(ID, FECHA_HORA, NUMERO_INDIVIDUOS, NOTAS, AREA_PROTEGIDA_ID, UBICACION_LATITUD, UBICACION_LONGITUD) VALUES('3978882599', TO_DATE('2021-04-03', 'YYYY-MM-DD'), 89, 'Documentación exhaustiva de movimientos desentraña los misterios de la migración.', 'APCOL009', 2.9769, -74.8701);
INSERT INTO OBSERVACION(ID, FECHA_HORA, NUMERO_INDIVIDUOS, NOTAS, AREA_PROTEGIDA_ID, UBICACION_LATITUD, UBICACION_LONGITUD) VALUES('3978882327', TO_DATE('2021-03-24', 'YYYY-MM-DD'), 87, 'Seguimiento detallado de hábitos alimenticios revela la dinámica de la dieta.', 'APCOL009', 2.9770, -74.8700);
INSERT INTO OBSERVACION(ID, FECHA_HORA, NUMERO_INDIVIDUOS, NOTAS, AREA_PROTEGIDA_ID, UBICACION_LATITUD, UBICACION_LONGITUD) VALUES('3978885995', TO_DATE('2021-04-02', 'YYYY-MM-DD'), 37, 'Estudio profundo de procesos reproductivos despierta preguntas sobre la evolución.', 'APCOL009', 2.9771, -74.8699);
INSERT INTO OBSERVACION(ID, FECHA_HORA, NUMERO_INDIVIDUOS, NOTAS, AREA_PROTEGIDA_ID, UBICACION_LATITUD, UBICACION_LONGITUD) VALUES('3978885330', TO_DATE('2021-04-01', 'YYYY-MM-DD'), 7, 'Exploración minuciosa descubre la belleza en los detalles del entorno natural.', 'APCOL009', 2.9772, -74.8698);
INSERT INTO OBSERVACION(ID, FECHA_HORA, NUMERO_INDIVIDUOS, NOTAS, AREA_PROTEGIDA_ID, UBICACION_LATITUD, UBICACION_LONGITUD) VALUES('2283951421', TO_DATE('2016-05-02', 'YYYY-MM-DD'), 33, 'Análisis meticuloso de comportamiento proporciona una visión holística del ecosistema.', 'APCOL009', 2.9773, -74.8697);
INSERT INTO OBSERVACION(ID, FECHA_HORA, NUMERO_INDIVIDUOS, NOTAS, AREA_PROTEGIDA_ID, UBICACION_LATITUD, UBICACION_LONGITUD) VALUES('2283951804', TO_DATE('2016-05-02', 'YYYY-MM-DD'), 13, 'Observación constante permite entender mejor la interacción entre especies.', 'APCOL009', 2.9774, -74.8696);
INSERT INTO OBSERVACION(ID, FECHA_HORA, NUMERO_INDIVIDUOS, NOTAS, AREA_PROTEGIDA_ID, UBICACION_LATITUD, UBICACION_LONGITUD) VALUES('3527725577', TO_DATE('2021-03-24', 'YYYY-MM-DD'), 62, 'Registro riguroso de interacciones muestra la complejidad de las relaciones biológicas.', 'APCOL009', 2.9775, -74.8695);
INSERT INTO OBSERVACION(ID, FECHA_HORA, NUMERO_INDIVIDUOS, NOTAS, AREA_PROTEGIDA_ID, UBICACION_LATITUD, UBICACION_LONGITUD) VALUES('3561205101', TO_DATE('2021-03-24', 'YYYY-MM-DD'), 57, 'Documentación minuciosa de movimientos revela la movilidad de la vida silvestre.', 'APCOL009', 2.9776, -74.8694);
INSERT INTO OBSERVACION(ID, FECHA_HORA, NUMERO_INDIVIDUOS, NOTAS, AREA_PROTEGIDA_ID, UBICACION_LATITUD, UBICACION_LONGITUD) VALUES('3978884505', TO_DATE('2021-03-29', 'YYYY-MM-DD'), 83, 'Seguimiento exhaustivo de hábitos alimenticios desentraña la red trófica.', 'APCOL009', 2.9777, -74.8693);
INSERT INTO OBSERVACION(ID, FECHA_HORA, NUMERO_INDIVIDUOS, NOTAS, AREA_PROTEGIDA_ID, UBICACION_LATITUD, UBICACION_LONGITUD) VALUES('3978886267', TO_DATE('2021-03-23', 'YYYY-MM-DD'), 50, 'Estudio detenido de procesos reproductivos ofrece una visión de la continuidad de la vida.', 'APCOL009', 2.9778, -74.8692);
INSERT INTO OBSERVACION(ID, FECHA_HORA, NUMERO_INDIVIDUOS, NOTAS, AREA_PROTEGIDA_ID, UBICACION_LATITUD, UBICACION_LONGITUD) VALUES('3295104535', TO_DATE('2020-12-21', 'YYYY-MM-DD'), 49, 'Exploración profunda revela la sorprendente adaptabilidad de los organismos.', 'APCOL009', 2.9779, -74.8691);
INSERT INTO OBSERVACION(ID, FECHA_HORA, NUMERO_INDIVIDUOS, NOTAS, AREA_PROTEGIDA_ID, UBICACION_LATITUD, UBICACION_LONGITUD) VALUES('3978884407', TO_DATE('2021-04-06', 'YYYY-MM-DD'), 34, 'Análisis riguroso de comportamiento desvela estrategias de supervivencia únicas.', 'APCOL009', 2.9780, -74.8690);
INSERT INTO OBSERVACION(ID, FECHA_HORA, NUMERO_INDIVIDUOS, NOTAS, AREA_PROTEGIDA_ID, UBICACION_LATITUD, UBICACION_LONGITUD) VALUES('3387422963', TO_DATE('2017-08-27', 'YYYY-MM-DD'), 4, 'Observación constante proporciona una comprensión más profunda de los ecosistemas.', 'APCOL010', 3.9960, -81.5000);
INSERT INTO OBSERVACION(ID, FECHA_HORA, NUMERO_INDIVIDUOS, NOTAS, AREA_PROTEGIDA_ID, UBICACION_LATITUD, UBICACION_LONGITUD) VALUES('1228525899', TO_DATE('1946-07-31', 'YYYY-MM-DD'), 76, 'Registro meticuloso de interacciones muestra la delicada interconexión de la vida.', 'APCOL010', 3.9920, -81.5000);
INSERT INTO OBSERVACION(ID, FECHA_HORA, NUMERO_INDIVIDUOS, NOTAS, AREA_PROTEGIDA_ID, UBICACION_LATITUD, UBICACION_LONGITUD) VALUES('2609673494', TO_DATE('1997-11-01', 'YYYY-MM-DD'), 32, 'Documentación exhaustiva de movimientos desentraña los secretos de la movilidad animal.', 'APCOL010', 3.9880, -81.5000);
INSERT INTO OBSERVACION(ID, FECHA_HORA, NUMERO_INDIVIDUOS, NOTAS, AREA_PROTEGIDA_ID, UBICACION_LATITUD, UBICACION_LONGITUD) VALUES('3387422663', TO_DATE('2017-08-04', 'YYYY-MM-DD'), 77, 'Seguimiento detallado de hábitos alimenticios revela patrones alimentarios cruciales.', 'APCOL010', 3.9840, -81.5000);
INSERT INTO OBSERVACION(ID, FECHA_HORA, NUMERO_INDIVIDUOS, NOTAS, AREA_PROTEGIDA_ID, UBICACION_LATITUD, UBICACION_LONGITUD) VALUES('2235872655', TO_DATE('1944-10-10', 'YYYY-MM-DD'), 14, 'Estudio profundo de procesos reproductivos arroja luz sobre la perpetuación de las especies.', 'APCOL010', 3.9800, -81.5000);
INSERT INTO OBSERVACION(ID, FECHA_HORA, NUMERO_INDIVIDUOS, NOTAS, AREA_PROTEGIDA_ID, UBICACION_LATITUD, UBICACION_LONGITUD) VALUES('3387421581', TO_DATE('2018-01-26', 'YYYY-MM-DD'), 32, 'Exploración minuciosa descubre la riqueza oculta en los microhábitats.', 'APCOL010', 3.9760, -81.5000);
INSERT INTO OBSERVACION(ID, FECHA_HORA, NUMERO_INDIVIDUOS, NOTAS, AREA_PROTEGIDA_ID, UBICACION_LATITUD, UBICACION_LONGITUD) VALUES('3387422214', TO_DATE('2017-08-16', 'YYYY-MM-DD'), 19, 'Análisis meticuloso de comportamiento ofrece una visión más completa de la ecología.', 'APCOL010', 3.9680, -81.5000);
INSERT INTO OBSERVACION(ID, FECHA_HORA, NUMERO_INDIVIDUOS, NOTAS, AREA_PROTEGIDA_ID, UBICACION_LATITUD, UBICACION_LONGITUD) VALUES('1707555120', TO_DATE('1997-12-01', 'YYYY-MM-DD'), 62, 'Observación constante permite capturar momentos fugaces de la vida salvaje.', 'APCOL010', 3.9640, -81.5000);
INSERT INTO OBSERVACION(ID, FECHA_HORA, NUMERO_INDIVIDUOS, NOTAS, AREA_PROTEGIDA_ID, UBICACION_LATITUD, UBICACION_LONGITUD) VALUES('3946223274', TO_DATE('1986-12-30', 'YYYY-MM-DD'), 26, 'Registro riguroso de interacciones revela la complejidad de las relaciones ecológicas.', 'APCOL010', 3.9600, -81.5000);
INSERT INTO OBSERVACION(ID, FECHA_HORA, NUMERO_INDIVIDUOS, NOTAS, AREA_PROTEGIDA_ID, UBICACION_LATITUD, UBICACION_LONGITUD) VALUES('1936355604', TO_DATE('1936-09-25', 'YYYY-MM-DD'), 93, 'Documentación minuciosa de movimientos desentraña los misterios de la dispersión.', 'APCOL010', 3.9560, -81.5000);
INSERT INTO OBSERVACION(ID, FECHA_HORA, NUMERO_INDIVIDUOS, NOTAS, AREA_PROTEGIDA_ID, UBICACION_LATITUD, UBICACION_LONGITUD) VALUES('1934684372', TO_DATE('1946-03-22', 'YYYY-MM-DD'), 4, 'Seguimiento exhaustivo de hábitos alimenticios revela la competencia por los recursos.', 'APCOL010', 3.9560, -81.5000);
INSERT INTO OBSERVACION(ID, FECHA_HORA, NUMERO_INDIVIDUOS, NOTAS, AREA_PROTEGIDA_ID, UBICACION_LATITUD, UBICACION_LONGITUD) VALUES('1147205763', TO_DATE('1997-11-17', 'YYYY-MM-DD'), 32, 'Estudio detenido de procesos reproductivos ofrece una visión de la estrategia reproductiva.', 'APCOL010', 3.9520, -81.5000);
INSERT INTO OBSERVACION(ID, FECHA_HORA, NUMERO_INDIVIDUOS, NOTAS, AREA_PROTEGIDA_ID, UBICACION_LATITUD, UBICACION_LONGITUD) VALUES('3387422511', TO_DATE('2017-08-05', 'YYYY-MM-DD'), 43, 'Exploración profunda revela la sorprendente diversidad en cada rincón del ecosistema.', 'APCOL010', 3.9480, -81.5000);
INSERT INTO OBSERVACION(ID, FECHA_HORA, NUMERO_INDIVIDUOS, NOTAS, AREA_PROTEGIDA_ID, UBICACION_LATITUD, UBICACION_LONGITUD) VALUES('3387421821', TO_DATE('2018-02-03', 'YYYY-MM-DD'), 77, 'Análisis riguroso de comportamiento desvela estrategias de supervivencia innovadoras.', 'APCOL010', 3.9440, -81.5000);
INSERT INTO OBSERVACION(ID, FECHA_HORA, NUMERO_INDIVIDUOS, NOTAS, AREA_PROTEGIDA_ID, UBICACION_LATITUD, UBICACION_LONGITUD) VALUES('1147305329', TO_DATE('2011-07-24', 'YYYY-MM-DD'), 50, 'Observación constante ofrece una ventana a la complejidad de la vida salvaje.', 'APCOL010', 3.9400, -81.5000);
INSERT INTO OBSERVACION(ID, FECHA_HORA, NUMERO_INDIVIDUOS, NOTAS, AREA_PROTEGIDA_ID, UBICACION_LATITUD, UBICACION_LONGITUD) VALUES('1212462266', TO_DATE('2014-12-05', 'YYYY-MM-DD'), 46, 'Registro meticuloso de interacciones muestra el tejido interconectado de la naturaleza.', 'APCOL010', 3.9360, -81.5000);
INSERT INTO OBSERVACION(ID, FECHA_HORA, NUMERO_INDIVIDUOS, NOTAS, AREA_PROTEGIDA_ID, UBICACION_LATITUD, UBICACION_LONGITUD) VALUES('930767778', TO_DATE('2002-11-05', 'YYYY-MM-DD'), 89, 'Documentación exhaustiva de movimientos desentraña los misterios de la migración.', 'APCOL010', 3.9320, -81.5000);
INSERT INTO OBSERVACION(ID, FECHA_HORA, NUMERO_INDIVIDUOS, NOTAS, AREA_PROTEGIDA_ID, UBICACION_LATITUD, UBICACION_LONGITUD) VALUES('3387421686', TO_DATE('2018-01-25', 'YYYY-MM-DD'), 7, 'Seguimiento detallado de hábitos alimenticios revela la dinámica de la dieta.', 'APCOL010', 3.9280, -81.5000);
INSERT INTO OBSERVACION(ID, FECHA_HORA, NUMERO_INDIVIDUOS, NOTAS, AREA_PROTEGIDA_ID, UBICACION_LATITUD, UBICACION_LONGITUD) VALUES('3387422416', TO_DATE('2018-02-15', 'YYYY-MM-DD'), 12, 'Estudio profundo de procesos reproductivos despierta preguntas sobre la evolución.', 'APCOL010', 3.9240, -81.5000);
INSERT INTO OBSERVACION(ID, FECHA_HORA, NUMERO_INDIVIDUOS, NOTAS, AREA_PROTEGIDA_ID, UBICACION_LATITUD, UBICACION_LONGITUD) VALUES('1212461831', TO_DATE('2014-12-01', 'YYYY-MM-DD'), 88, 'Exploración minuciosa descubre la belleza en los detalles del entorno natural.', 'APCOL010', 3.9200, -81.5000);
INSERT INTO OBSERVACION(ID, FECHA_HORA, NUMERO_INDIVIDUOS, NOTAS, AREA_PROTEGIDA_ID, UBICACION_LATITUD, UBICACION_LONGITUD) VALUES('2993587812', TO_DATE('2008-09-16', 'YYYY-MM-DD'), 28, 'Análisis meticuloso de comportamiento proporciona una visión holística del ecosistema.', 'APCOL011', 4.5468, -73.7342);
INSERT INTO OBSERVACION(ID, FECHA_HORA, NUMERO_INDIVIDUOS, NOTAS, AREA_PROTEGIDA_ID, UBICACION_LATITUD, UBICACION_LONGITUD) VALUES('3422449069', TO_DATE('2016-06-18', 'YYYY-MM-DD'), 69, 'Observación constante permite entender mejor la interacción entre especies.', 'APCOL011', 4.5473, -73.7335);
INSERT INTO OBSERVACION(ID, FECHA_HORA, NUMERO_INDIVIDUOS, NOTAS, AREA_PROTEGIDA_ID, UBICACION_LATITUD, UBICACION_LONGITUD) VALUES('1395909530', TO_DATE('2006-12-14', 'YYYY-MM-DD'), 79, 'Registro riguroso de interacciones muestra la complejidad de las relaciones biológicas.', 'APCOL011', 4.5465, -73.7329);
INSERT INTO OBSERVACION(ID, FECHA_HORA, NUMERO_INDIVIDUOS, NOTAS, AREA_PROTEGIDA_ID, UBICACION_LATITUD, UBICACION_LONGITUD) VALUES('2013910206', TO_DATE('1994-01-25', 'YYYY-MM-DD'), 16, 'Documentación minuciosa de movimientos revela la movilidad de la vida silvestre.', 'APCOL011', 4.5471, -73.7321);
INSERT INTO OBSERVACION(ID, FECHA_HORA, NUMERO_INDIVIDUOS, NOTAS, AREA_PROTEGIDA_ID, UBICACION_LATITUD, UBICACION_LONGITUD) VALUES('3447120297', TO_DATE('2016-06-16', 'YYYY-MM-DD'), 92, 'Seguimiento exhaustivo de hábitos alimenticios desentraña la red trófica.', 'APCOL011', 4.5479, -73.7346);
INSERT INTO OBSERVACION(ID, FECHA_HORA, NUMERO_INDIVIDUOS, NOTAS, AREA_PROTEGIDA_ID, UBICACION_LATITUD, UBICACION_LONGITUD) VALUES('3422437972', TO_DATE('2018-09-10', 'YYYY-MM-DD'), 76, 'Estudio detenido de procesos reproductivos ofrece una visión de la continuidad de la vida.', 'APCOL011', 4.5482, -73.7339);
INSERT INTO OBSERVACION(ID, FECHA_HORA, NUMERO_INDIVIDUOS, NOTAS, AREA_PROTEGIDA_ID, UBICACION_LATITUD, UBICACION_LONGITUD) VALUES('3053838676', TO_DATE('2020-02-22', 'YYYY-MM-DD'), 22, 'Exploración profunda revela la sorprendente adaptabilidad de los organismos.', 'APCOL011', 4.5469, -73.7331);
INSERT INTO OBSERVACION(ID, FECHA_HORA, NUMERO_INDIVIDUOS, NOTAS, AREA_PROTEGIDA_ID, UBICACION_LATITUD, UBICACION_LONGITUD) VALUES('44924569', TO_DATE('1923-11-11', 'YYYY-MM-DD'), 54, 'Análisis riguroso de comportamiento desvela estrategias de supervivencia únicas.', 'APCOL011', 4.5476, -73.7349);
INSERT INTO OBSERVACION(ID, FECHA_HORA, NUMERO_INDIVIDUOS, NOTAS, AREA_PROTEGIDA_ID, UBICACION_LATITUD, UBICACION_LONGITUD) VALUES('3447199414', TO_DATE('2018-07-28', 'YYYY-MM-DD'), 22, 'Observación constante proporciona una comprensión más profunda de los ecosistemas.', 'APCOL011', 4.5463, -73.7324);
INSERT INTO OBSERVACION(ID, FECHA_HORA, NUMERO_INDIVIDUOS, NOTAS, AREA_PROTEGIDA_ID, UBICACION_LATITUD, UBICACION_LONGITUD) VALUES('2993613118', TO_DATE('2012-07-27', 'YYYY-MM-DD'), 36, 'Registro meticuloso de interacciones muestra la delicada interconexión de la vida.', 'APCOL011', 4.5460, -73.7332);
INSERT INTO OBSERVACION(ID, FECHA_HORA, NUMERO_INDIVIDUOS, NOTAS, AREA_PROTEGIDA_ID, UBICACION_LATITUD, UBICACION_LONGITUD) VALUES('3447203436', TO_DATE('2019-05-27', 'YYYY-MM-DD'), 86, 'Documentación exhaustiva de movimientos desentraña los secretos de la movilidad animal.', 'APCOL011', 4.5474, -73.7341);
INSERT INTO OBSERVACION(ID, FECHA_HORA, NUMERO_INDIVIDUOS, NOTAS, AREA_PROTEGIDA_ID, UBICACION_LATITUD, UBICACION_LONGITUD) VALUES('3447127389', TO_DATE('2017-06-09', 'YYYY-MM-DD'), 95, 'Seguimiento detallado de hábitos alimenticios revela patrones alimentarios cruciales.', 'APCOL011', 4.5462, -73.7337);
INSERT INTO OBSERVACION(ID, FECHA_HORA, NUMERO_INDIVIDUOS, NOTAS, AREA_PROTEGIDA_ID, UBICACION_LATITUD, UBICACION_LONGITUD) VALUES('2993615843', TO_DATE('2018-09-13', 'YYYY-MM-DD'), 46, 'Estudio profundo de procesos reproductivos arroja luz sobre la perpetuación de las especies.', 'APCOL011', 4.5481, -73.7327);
INSERT INTO OBSERVACION(ID, FECHA_HORA, NUMERO_INDIVIDUOS, NOTAS, AREA_PROTEGIDA_ID, UBICACION_LATITUD, UBICACION_LONGITUD) VALUES('3422440185', TO_DATE('2016-06-19', 'YYYY-MM-DD'), 67, 'Exploración minuciosa descubre la riqueza oculta en los microhábitats.', 'APCOL011', 4.5467, -73.7345);
INSERT INTO OBSERVACION(ID, FECHA_HORA, NUMERO_INDIVIDUOS, NOTAS, AREA_PROTEGIDA_ID, UBICACION_LATITUD, UBICACION_LONGITUD) VALUES('2993587975', TO_DATE('2016-06-19', 'YYYY-MM-DD'), 87, 'Análisis meticuloso de comportamiento ofrece una visión más completa de la ecología.', 'APCOL011', 4.5478, -73.7320);
INSERT INTO OBSERVACION(ID, FECHA_HORA, NUMERO_INDIVIDUOS, NOTAS, AREA_PROTEGIDA_ID, UBICACION_LATITUD, UBICACION_LONGITUD) VALUES('2993635674', TO_DATE('2008-09-16', 'YYYY-MM-DD'), 10, 'Observación constante permite capturar momentos fugaces de la vida salvaje.', 'APCOL011', 4.5480, -73.7333);
INSERT INTO OBSERVACION(ID, FECHA_HORA, NUMERO_INDIVIDUOS, NOTAS, AREA_PROTEGIDA_ID, UBICACION_LATITUD, UBICACION_LONGITUD) VALUES('3004129353', TO_DATE('2007-11-01', 'YYYY-MM-DD'), 24, 'Registro riguroso de interacciones revela la complejidad de las relaciones ecológicas.', 'APCOL011', 4.5472, -73.7328);
INSERT INTO OBSERVACION(ID, FECHA_HORA, NUMERO_INDIVIDUOS, NOTAS, AREA_PROTEGIDA_ID, UBICACION_LATITUD, UBICACION_LONGITUD) VALUES('3447133395', TO_DATE('2018-07-28', 'YYYY-MM-DD'), 63, 'Documentación minuciosa de movimientos desentraña los misterios de la dispersión.', 'APCOL011', 4.5475, -73.7336);
INSERT INTO OBSERVACION(ID, FECHA_HORA, NUMERO_INDIVIDUOS, NOTAS, AREA_PROTEGIDA_ID, UBICACION_LATITUD, UBICACION_LONGITUD) VALUES('3422449119', TO_DATE('2016-06-18', 'YYYY-MM-DD'), 76, 'Seguimiento exhaustivo de hábitos alimenticios revela la competencia por los recursos.', 'APCOL011', 4.5466, -73.7343);
INSERT INTO OBSERVACION(ID, FECHA_HORA, NUMERO_INDIVIDUOS, NOTAS, AREA_PROTEGIDA_ID, UBICACION_LATITUD, UBICACION_LONGITUD) VALUES('2993619403', TO_DATE('2009-11-12', 'YYYY-MM-DD'), 19, 'Estudio detenido de procesos reproductivos ofrece una visión de la estrategia reproductiva.', 'APCOL011', 4.5464, -73.7320);
INSERT INTO OBSERVACION(ID, FECHA_HORA, NUMERO_INDIVIDUOS, NOTAS, AREA_PROTEGIDA_ID, UBICACION_LATITUD, UBICACION_LONGITUD) VALUES('2332649677', TO_DATE('2018-10-13', 'YYYY-MM-DD'), 21, 'Exploración profunda revela la sorprendente diversidad en cada rincón del ecosistema.', 'APCOL012', 2.9621, -78.1851);
INSERT INTO OBSERVACION(ID, FECHA_HORA, NUMERO_INDIVIDUOS, NOTAS, AREA_PROTEGIDA_ID, UBICACION_LATITUD, UBICACION_LONGITUD) VALUES('2332649763', TO_DATE('2018-10-13', 'YYYY-MM-DD'), 32, 'Análisis riguroso de comportamiento desvela estrategias de supervivencia innovadoras.', 'APCOL012', 2.9622, -78.1852);
INSERT INTO OBSERVACION(ID, FECHA_HORA, NUMERO_INDIVIDUOS, NOTAS, AREA_PROTEGIDA_ID, UBICACION_LATITUD, UBICACION_LONGITUD) VALUES('923928089', TO_DATE('2007-11-13', 'YYYY-MM-DD'), 44, 'Observación constante ofrece una ventana a la complejidad de la vida salvaje.', 'APCOL012', 2.9623, -78.1853);
INSERT INTO OBSERVACION(ID, FECHA_HORA, NUMERO_INDIVIDUOS, NOTAS, AREA_PROTEGIDA_ID, UBICACION_LATITUD, UBICACION_LONGITUD) VALUES('1055067237', TO_DATE('2010-10-17', 'YYYY-MM-DD'), 53, 'Registro meticuloso de interacciones muestra el tejido interconectado de la naturaleza.', 'APCOL012', 2.9624, -78.1854);
INSERT INTO OBSERVACION(ID, FECHA_HORA, NUMERO_INDIVIDUOS, NOTAS, AREA_PROTEGIDA_ID, UBICACION_LATITUD, UBICACION_LONGITUD) VALUES('1932117956', TO_DATE('2005-01-01', 'YYYY-MM-DD'), 90, 'Documentación exhaustiva de movimientos desentraña los misterios de la migración.', 'APCOL012', 2.9625, -78.1855);
INSERT INTO OBSERVACION(ID, FECHA_HORA, NUMERO_INDIVIDUOS, NOTAS, AREA_PROTEGIDA_ID, UBICACION_LATITUD, UBICACION_LONGITUD) VALUES('1932118319', TO_DATE('2000-07-09', 'YYYY-MM-DD'), 78, 'Seguimiento detallado de hábitos alimenticios revela la dinámica de la dieta.', 'APCOL012', 2.9626, -78.1856);
INSERT INTO OBSERVACION(ID, FECHA_HORA, NUMERO_INDIVIDUOS, NOTAS, AREA_PROTEGIDA_ID, UBICACION_LATITUD, UBICACION_LONGITUD) VALUES('3072598872', TO_DATE('2010-10-27', 'YYYY-MM-DD'), 73, 'Estudio profundo de procesos reproductivos despierta preguntas sobre la evolución.', 'APCOL012', 2.9627, -78.1857);
INSERT INTO OBSERVACION(ID, FECHA_HORA, NUMERO_INDIVIDUOS, NOTAS, AREA_PROTEGIDA_ID, UBICACION_LATITUD, UBICACION_LONGITUD) VALUES('3072598714', TO_DATE('2010-10-28', 'YYYY-MM-DD'), 1, 'Exploración minuciosa descubre la belleza en los detalles del entorno natural.', 'APCOL012', 2.9628, -78.1858);
INSERT INTO OBSERVACION(ID, FECHA_HORA, NUMERO_INDIVIDUOS, NOTAS, AREA_PROTEGIDA_ID, UBICACION_LATITUD, UBICACION_LONGITUD) VALUES('1318084549', TO_DATE('1969-10-10', 'YYYY-MM-DD'), 79, 'Análisis meticuloso de comportamiento proporciona una visión holística del ecosistema.', 'APCOL012', 2.9629, -78.1859);
INSERT INTO OBSERVACION(ID, FECHA_HORA, NUMERO_INDIVIDUOS, NOTAS, AREA_PROTEGIDA_ID, UBICACION_LATITUD, UBICACION_LONGITUD) VALUES('1055067684', TO_DATE('2010-10-18', 'YYYY-MM-DD'), 74, 'Observación constante permite entender mejor la interacción entre especies.', 'APCOL012', 2.963, -78.186);
INSERT INTO OBSERVACION(ID, FECHA_HORA, NUMERO_INDIVIDUOS, NOTAS, AREA_PROTEGIDA_ID, UBICACION_LATITUD, UBICACION_LONGITUD) VALUES('857835906', TO_DATE('2003-02-22', 'YYYY-MM-DD'), 71, 'Registro riguroso de interacciones muestra la complejidad de las relaciones biológicas.', 'APCOL012', 2.9631, -78.1861);
INSERT INTO OBSERVACION(ID, FECHA_HORA, NUMERO_INDIVIDUOS, NOTAS, AREA_PROTEGIDA_ID, UBICACION_LATITUD, UBICACION_LONGITUD) VALUES('3072598744', TO_DATE('2011-03-07', 'YYYY-MM-DD'), 99, 'Documentación minuciosa de movimientos revela la movilidad de la vida silvestre.', 'APCOL012', 2.9632, -78.1862);
INSERT INTO OBSERVACION(ID, FECHA_HORA, NUMERO_INDIVIDUOS, NOTAS, AREA_PROTEGIDA_ID, UBICACION_LATITUD, UBICACION_LONGITUD) VALUES('3072598499', TO_DATE('2011-03-06', 'YYYY-MM-DD'), 90, 'Seguimiento exhaustivo de hábitos alimenticios desentraña la red trófica.', 'APCOL012', 2.9633, -78.1863);
INSERT INTO OBSERVACION(ID, FECHA_HORA, NUMERO_INDIVIDUOS, NOTAS, AREA_PROTEGIDA_ID, UBICACION_LATITUD, UBICACION_LONGITUD) VALUES('1932118059', TO_DATE('1989-05-01', 'YYYY-MM-DD'), 100, 'Estudio detenido de procesos reproductivos ofrece una visión de la continuidad de la vida.', 'APCOL012', 2.9634, -78.1864);
INSERT INTO OBSERVACION(ID, FECHA_HORA, NUMERO_INDIVIDUOS, NOTAS, AREA_PROTEGIDA_ID, UBICACION_LATITUD, UBICACION_LONGITUD) VALUES('1932118183', TO_DATE('1989-05-01', 'YYYY-MM-DD'), 12, 'Exploración profunda revela la sorprendente adaptabilidad de los organismos.', 'APCOL012', 2.9635, -78.1865);
INSERT INTO OBSERVACION(ID, FECHA_HORA, NUMERO_INDIVIDUOS, NOTAS, AREA_PROTEGIDA_ID, UBICACION_LATITUD, UBICACION_LONGITUD) VALUES('1055066069', TO_DATE('2010-10-17', 'YYYY-MM-DD'), 39, 'Análisis riguroso de comportamiento desvela estrategias de supervivencia únicas.', 'APCOL012', 2.9636, -78.1866);
INSERT INTO OBSERVACION(ID, FECHA_HORA, NUMERO_INDIVIDUOS, NOTAS, AREA_PROTEGIDA_ID, UBICACION_LATITUD, UBICACION_LONGITUD) VALUES('1055069459', TO_DATE('2011-02-24', 'YYYY-MM-DD'), 51, 'Observación constante proporciona una comprensión más profunda de los ecosistemas.', 'APCOL012', 2.9637, -78.1867);
INSERT INTO OBSERVACION(ID, FECHA_HORA, NUMERO_INDIVIDUOS, NOTAS, AREA_PROTEGIDA_ID, UBICACION_LATITUD, UBICACION_LONGITUD) VALUES('1065259729', TO_DATE('1981-02-06', 'YYYY-MM-DD'), 19, 'Registro meticuloso de interacciones muestra la delicada interconexión de la vida.', 'APCOL012', 2.9638, -78.1868);
INSERT INTO OBSERVACION(ID, FECHA_HORA, NUMERO_INDIVIDUOS, NOTAS, AREA_PROTEGIDA_ID, UBICACION_LATITUD, UBICACION_LONGITUD) VALUES('2332649914', TO_DATE('2018-10-14', 'YYYY-MM-DD'), 1, 'Documentación exhaustiva de movimientos desentraña los secretos de la movilidad animal.', 'APCOL012', 2.9639, -78.1869);
INSERT INTO OBSERVACION(ID, FECHA_HORA, NUMERO_INDIVIDUOS, NOTAS, AREA_PROTEGIDA_ID, UBICACION_LATITUD, UBICACION_LONGITUD) VALUES('3072598515', TO_DATE('2010-10-28', 'YYYY-MM-DD'), 73, 'Seguimiento detallado de hábitos alimenticios revela patrones alimentarios cruciales.', 'APCOL012', 2.964, -78.187);

INSERT INTO ESPECIE(ID, NOMBRE_CIENTIFICO, NOMBRE_COMUN, CARACTERISTICAS_FISICAS, HABITAT_ID, ESTADO_CONSERVACION_ID) VALUES('5230759', 'Tachycineta albiventer', 'White-winged Swallow', 'kingdom: Animalia - class: Aves', 'THAB0002', 'ESTC0026');
INSERT INTO ESPECIE(ID, NOMBRE_CIENTIFICO, NOMBRE_COMUN, CARACTERISTICAS_FISICAS, HABITAT_ID, ESTADO_CONSERVACION_ID) VALUES('3072468', 'Aparisthmium cordatum', 'Aparisthmium cordatum', 'kingdom: Plantae - class: Magnoliopsida', 'THAB0001', 'ESTC0019');
INSERT INTO ESPECIE(ID, NOMBRE_CIENTIFICO, NOMBRE_COMUN, CARACTERISTICAS_FISICAS, HABITAT_ID, ESTADO_CONSERVACION_ID) VALUES('2488602', 'Thraupis episcopus', 'Blue-gray Tanager', 'kingdom: Animalia - class: Aves', 'THAB0002', 'ESTC0007');
INSERT INTO ESPECIE(ID, NOMBRE_CIENTIFICO, NOMBRE_COMUN, CARACTERISTICAS_FISICAS, HABITAT_ID, ESTADO_CONSERVACION_ID) VALUES('2490137', 'Cercomacra cinerascens', 'Gray Antbird', 'kingdom: Animalia - class: Aves', 'THAB0003', 'ESTC0021');
INSERT INTO ESPECIE(ID, NOMBRE_CIENTIFICO, NOMBRE_COMUN, CARACTERISTICAS_FISICAS, HABITAT_ID, ESTADO_CONSERVACION_ID) VALUES('9598458', 'Arocera aequinoxialis', 'Arocera aequinoxialis', 'kingdom: Animalia - class: Insecta', 'THAB0007', 'ESTC0013');
INSERT INTO ESPECIE(ID, NOMBRE_CIENTIFICO, NOMBRE_COMUN, CARACTERISTICAS_FISICAS, HABITAT_ID, ESTADO_CONSERVACION_ID) VALUES('2478122', 'Melanerpes cruentatus', 'Yellow-tufted Woodpecker', 'kingdom: Animalia - class: Aves', 'THAB0002', 'ESTC0027');
INSERT INTO ESPECIE(ID, NOMBRE_CIENTIFICO, NOMBRE_COMUN, CARACTERISTICAS_FISICAS, HABITAT_ID, ESTADO_CONSERVACION_ID) VALUES('2968237', 'Dussia tessmannii Harms', 'Dussia tessmannii', 'kingdom: Plantae - class: Magnoliopsida', 'THAB0001', 'ESTC0008');
INSERT INTO ESPECIE(ID, NOMBRE_CIENTIFICO, NOMBRE_COMUN, CARACTERISTICAS_FISICAS, HABITAT_ID, ESTADO_CONSERVACION_ID) VALUES('2480720', 'Ictinia plumbea', 'Plumbeous Kite', 'kingdom: Animalia - class: Aves', 'THAB0007', 'ESTC0015');
INSERT INTO ESPECIE(ID, NOMBRE_CIENTIFICO, NOMBRE_COMUN, CARACTERISTICAS_FISICAS, HABITAT_ID, ESTADO_CONSERVACION_ID) VALUES('2492082', 'Paroaria gularis', 'Red-capped Cardinal', 'kingdom: Animalia - class: Aves', 'THAB0002', 'ESTC0018');
INSERT INTO ESPECIE(ID, NOMBRE_CIENTIFICO, NOMBRE_COMUN, CARACTERISTICAS_FISICAS, HABITAT_ID, ESTADO_CONSERVACION_ID) VALUES('5959228', 'Ara severus', 'Chestnut-fronted Macaw', 'kingdom: Animalia - class: Aves', 'THAB0007', 'ESTC0029');
INSERT INTO ESPECIE(ID, NOMBRE_CIENTIFICO, NOMBRE_COMUN, CARACTERISTICAS_FISICAS, HABITAT_ID, ESTADO_CONSERVACION_ID) VALUES('7608475', 'Naucleopsis glabra Spruce ex Baillon', 'Naucleopsis glabra', 'kingdom: Plantae - class: Magnoliopsida', 'THAB0002', 'ESTC0017');
INSERT INTO ESPECIE(ID, NOMBRE_CIENTIFICO, NOMBRE_COMUN, CARACTERISTICAS_FISICAS, HABITAT_ID, ESTADO_CONSERVACION_ID) VALUES('8054047', 'Rogeria scobinata Kugler', 'Rogeria scobinata', 'kingdom: Animalia - class: Insecta', 'THAB0002', 'ESTC0003');
INSERT INTO ESPECIE(ID, NOMBRE_CIENTIFICO, NOMBRE_COMUN, CARACTERISTICAS_FISICAS, HABITAT_ID, ESTADO_CONSERVACION_ID) VALUES('2338858', 'Leiarius marmoratus', 'Sailfin pimeloid', 'kingdom: Animalia - class: Null', 'THAB0009', 'ESTC0023');
INSERT INTO ESPECIE(ID, NOMBRE_CIENTIFICO, NOMBRE_COMUN, CARACTERISTICAS_FISICAS, HABITAT_ID, ESTADO_CONSERVACION_ID) VALUES('10874246', 'Hemigrammus amacayacu', 'Hemigrammus amacayacu', 'kingdom: Animalia - class: Null', 'THAB0009', 'ESTC0020');
INSERT INTO ESPECIE(ID, NOMBRE_CIENTIFICO, NOMBRE_COMUN, CARACTERISTICAS_FISICAS, HABITAT_ID, ESTADO_CONSERVACION_ID) VALUES('10289996', 'Leptobalanus apetalus', 'Leptobalanus apetalus', 'kingdom: Plantae - class: Magnoliopsida', 'THAB0001', 'ESTC0002');
INSERT INTO ESPECIE(ID, NOMBRE_CIENTIFICO, NOMBRE_COMUN, CARACTERISTICAS_FISICAS, HABITAT_ID, ESTADO_CONSERVACION_ID) VALUES('2429137', 'Oophaga histrionica', 'Harlequin Poison Frog', 'kingdom: Animalia - class: Amphibia', 'THAB0007', 'ESTC0028');
INSERT INTO ESPECIE(ID, NOMBRE_CIENTIFICO, NOMBRE_COMUN, CARACTERISTICAS_FISICAS, HABITAT_ID, ESTADO_CONSERVACION_ID) VALUES('2480951', 'Ardea cocoi Linnaeus', 'Cocoi Heron', 'kingdom: Animalia - class: Aves', 'THAB0009', 'ESTC0022');
INSERT INTO ESPECIE(ID, NOMBRE_CIENTIFICO, NOMBRE_COMUN, CARACTERISTICAS_FISICAS, HABITAT_ID, ESTADO_CONSERVACION_ID) VALUES('5216636', 'Atelopus spurrelli Boulenger', 'Condoto Stubfoot Toad', 'kingdom: Animalia - class: Amphibia', 'THAB0007', 'ESTC0010');
INSERT INTO ESPECIE(ID, NOMBRE_CIENTIFICO, NOMBRE_COMUN, CARACTERISTICAS_FISICAS, HABITAT_ID, ESTADO_CONSERVACION_ID) VALUES('7322182', 'Ludwigia affinis', 'Ludwigia affinis', 'kingdom: Plantae - class: Magnoliopsida', 'THAB0009', 'ESTC0016');
INSERT INTO ESPECIE(ID, NOMBRE_CIENTIFICO, NOMBRE_COMUN, CARACTERISTICAS_FISICAS, HABITAT_ID, ESTADO_CONSERVACION_ID) VALUES('5218021', 'Phyllobates aurotaenia', 'Kokoe Poison Frog', 'kingdom: Animalia - class: Amphibia', 'THAB0007', 'ESTC0024');
INSERT INTO ESPECIE(ID, NOMBRE_CIENTIFICO, NOMBRE_COMUN, CARACTERISTICAS_FISICAS, HABITAT_ID, ESTADO_CONSERVACION_ID) VALUES('5789280', 'Sternula superciliaris', 'Yellow-billed Tern', 'kingdom: Animalia - class: Aves', 'THAB0037', 'ESTC0012');
INSERT INTO ESPECIE(ID, NOMBRE_CIENTIFICO, NOMBRE_COMUN, CARACTERISTICAS_FISICAS, HABITAT_ID, ESTADO_CONSERVACION_ID) VALUES('2486467', 'Tityra semifasciata', 'Masked Tityra', 'kingdom: Animalia - class: Aves', 'THAB0002', 'ESTC0011');
INSERT INTO ESPECIE(ID, NOMBRE_CIENTIFICO, NOMBRE_COMUN, CARACTERISTICAS_FISICAS, HABITAT_ID, ESTADO_CONSERVACION_ID) VALUES('2483531', 'Myiarchus tuberculifer', 'Dusky-capped Flycatcher', 'kingdom: Animalia - class: Aves', 'THAB0002', 'ESTC0025');
INSERT INTO ESPECIE(ID, NOMBRE_CIENTIFICO, NOMBRE_COMUN, CARACTERISTICAS_FISICAS, HABITAT_ID, ESTADO_CONSERVACION_ID) VALUES('2497011', 'Hydropsalis climacocerca', 'Ladder-tailed Nightjar', 'kingdom: Animalia - class: Aves', 'THAB0011', 'ESTC0005');
INSERT INTO ESPECIE(ID, NOMBRE_CIENTIFICO, NOMBRE_COMUN, CARACTERISTICAS_FISICAS, HABITAT_ID, ESTADO_CONSERVACION_ID) VALUES('5231162', 'Emberizoides herbicola', 'Wedge-tailed Grass-Finch', 'kingdom: Animalia - class: Aves', 'THAB0005', 'ESTC0020');
INSERT INTO ESPECIE(ID, NOMBRE_CIENTIFICO, NOMBRE_COMUN, CARACTERISTICAS_FISICAS, HABITAT_ID, ESTADO_CONSERVACION_ID) VALUES('2490519', 'Grallaria milleri Chapman', 'Brown-banded Antpitta', 'kingdom: Animalia - class: Aves', 'THAB0003', 'ESTC0001');
INSERT INTO ESPECIE(ID, NOMBRE_CIENTIFICO, NOMBRE_COMUN, CARACTERISTICAS_FISICAS, HABITAT_ID, ESTADO_CONSERVACION_ID) VALUES('2496210', 'Crotophaga major Gmelin', 'Greater Ani', 'kingdom: Animalia - class: Aves', 'THAB0005', 'ESTC0014');
INSERT INTO ESPECIE(ID, NOMBRE_CIENTIFICO, NOMBRE_COMUN, CARACTERISTICAS_FISICAS, HABITAT_ID, ESTADO_CONSERVACION_ID) VALUES('2496647', 'Trogon viridis Linnaeus', 'Green-backed Trogon', 'kingdom: Animalia - class: Aves', 'THAB0007', 'ESTC0006');
INSERT INTO ESPECIE(ID, NOMBRE_CIENTIFICO, NOMBRE_COMUN, CARACTERISTICAS_FISICAS, HABITAT_ID, ESTADO_CONSERVACION_ID) VALUES('2493744', 'Coereba flaveola', 'Bananaquit', 'kingdom: Animalia - class: Aves', 'THAB0002', 'ESTC0029');
INSERT INTO ESPECIE(ID, NOMBRE_CIENTIFICO, NOMBRE_COMUN, CARACTERISTICAS_FISICAS, HABITAT_ID, ESTADO_CONSERVACION_ID) VALUES('5229832', 'Cacicus cela', 'Yellow-rumped Cacique', 'kingdom: Animalia - class: Aves', 'THAB0002', 'ESTC0026');
INSERT INTO ESPECIE(ID, NOMBRE_CIENTIFICO, NOMBRE_COMUN, CARACTERISTICAS_FISICAS, HABITAT_ID, ESTADO_CONSERVACION_ID) VALUES('9377161', 'Kleinothraupis atropileus', 'Black-capped Hemispingus', 'kingdom: Animalia - class: Aves', 'THAB0002', 'ESTC0004');
INSERT INTO ESPECIE(ID, NOMBRE_CIENTIFICO, NOMBRE_COMUN, CARACTERISTICAS_FISICAS, HABITAT_ID, ESTADO_CONSERVACION_ID) VALUES('9105847', 'Saltator olivascens Cabanis', 'Caribbean Grey Saltator', 'kingdom: Animalia - class: Aves', 'THAB0001', 'ESTC0027');
INSERT INTO ESPECIE(ID, NOMBRE_CIENTIFICO, NOMBRE_COMUN, CARACTERISTICAS_FISICAS, HABITAT_ID, ESTADO_CONSERVACION_ID) VALUES('2489177', 'Notiochelidon murina', 'Brown-bellied Swallow', 'kingdom: Animalia - class: Aves', 'THAB0002', 'ESTC0009');
INSERT INTO ESPECIE(ID, NOMBRE_CIENTIFICO, NOMBRE_COMUN, CARACTERISTICAS_FISICAS, HABITAT_ID, ESTADO_CONSERVACION_ID) VALUES('2493957', 'Henicorhina leucophrys', 'Gray-breasted Wood-Wren', 'kingdom: Animalia - class: Aves', 'THAB0002', 'ESTC0019');
INSERT INTO ESPECIE(ID, NOMBRE_CIENTIFICO, NOMBRE_COMUN, CARACTERISTICAS_FISICAS, HABITAT_ID, ESTADO_CONSERVACION_ID) VALUES('5230680', 'Diglossa humeralis', 'Black Flower-piercer', 'kingdom: Animalia - class: Aves', 'THAB0002', 'ESTC0013');
INSERT INTO ESPECIE(ID, NOMBRE_CIENTIFICO, NOMBRE_COMUN, CARACTERISTICAS_FISICAS, HABITAT_ID, ESTADO_CONSERVACION_ID) VALUES('9376700', 'Heliangelus clarisse', 'Longuemares Sunangel', 'kingdom: Animalia - class: Aves', 'THAB0002', 'ESTC0022');
INSERT INTO ESPECIE(ID, NOMBRE_CIENTIFICO, NOMBRE_COMUN, CARACTERISTICAS_FISICAS, HABITAT_ID, ESTADO_CONSERVACION_ID) VALUES('5230649', 'Diglossa albilatera Lafresnaye', 'White-sided Flower-piercer', 'kingdom: Animalia - class: Aves', 'THAB0002', 'ESTC0025');
INSERT INTO ESPECIE(ID, NOMBRE_CIENTIFICO, NOMBRE_COMUN, CARACTERISTICAS_FISICAS, HABITAT_ID, ESTADO_CONSERVACION_ID) VALUES('2483822', 'Mecocerculus leucophrys', 'White-throated Tyrannulet', 'kingdom: Animalia - class: Aves', 'THAB0002', 'ESTC0016');
INSERT INTO ESPECIE(ID, NOMBRE_CIENTIFICO, NOMBRE_COMUN, CARACTERISTICAS_FISICAS, HABITAT_ID, ESTADO_CONSERVACION_ID) VALUES('7342083', 'Diglossa caerulescens', 'Bluish Flower-piercer', 'kingdom: Animalia - class: Aves', 'THAB0002', 'ESTC0023');
INSERT INTO ESPECIE(ID, NOMBRE_CIENTIFICO, NOMBRE_COMUN, CARACTERISTICAS_FISICAS, HABITAT_ID, ESTADO_CONSERVACION_ID) VALUES('4011320', 'Elaphoglossum pteropodum', 'Elaphoglossum pteropodum', 'kingdom: Plantae - class: Polypodiopsida', 'THAB0002', 'ESTC0028');
INSERT INTO ESPECIE(ID, NOMBRE_CIENTIFICO, NOMBRE_COMUN, CARACTERISTICAS_FISICAS, HABITAT_ID, ESTADO_CONSERVACION_ID) VALUES('2488106', 'Tangara nigroviridis', 'Beryl-spangled Tanager', 'kingdom: Animalia - class: Aves', 'THAB0002', 'ESTC0007');
INSERT INTO ESPECIE(ID, NOMBRE_CIENTIFICO, NOMBRE_COMUN, CARACTERISTICAS_FISICAS, HABITAT_ID, ESTADO_CONSERVACION_ID) VALUES('11144039', 'Grallaria saturata Domaniewski', 'Equatorial Antpitta', 'kingdom: Animalia - class: Aves', 'THAB0003', 'ESTC0021');
INSERT INTO ESPECIE(ID, NOMBRE_CIENTIFICO, NOMBRE_COMUN, CARACTERISTICAS_FISICAS, HABITAT_ID, ESTADO_CONSERVACION_ID) VALUES('2477033', 'Coeligena bonapartei', 'Golden-bellied Starfrontlet', 'kingdom: Animalia - class: Aves', 'THAB0002', 'ESTC0012');
INSERT INTO ESPECIE(ID, NOMBRE_CIENTIFICO, NOMBRE_COMUN, CARACTERISTICAS_FISICAS, HABITAT_ID, ESTADO_CONSERVACION_ID) VALUES('3866257', 'Miconia squamulosa', 'Squamulose Maya', 'kingdom: Plantae - class: Magnoliopsida', 'THAB0001', 'ESTC0024');
INSERT INTO ESPECIE(ID, NOMBRE_CIENTIFICO, NOMBRE_COMUN, CARACTERISTICAS_FISICAS, HABITAT_ID, ESTADO_CONSERVACION_ID) VALUES('7341947', 'Arremon brunneinucha', 'Chestnut-capped Brush-Finch', 'kingdom: Animalia - class: Aves', 'THAB0002', 'ESTC0014');
INSERT INTO ESPECIE(ID, NOMBRE_CIENTIFICO, NOMBRE_COMUN, CARACTERISTICAS_FISICAS, HABITAT_ID, ESTADO_CONSERVACION_ID) VALUES('2493788', 'Cinnycerthia unirufa', 'Rufous Wren', 'kingdom: Animalia - class: Aves', 'THAB0002', 'ESTC0002');
INSERT INTO ESPECIE(ID, NOMBRE_CIENTIFICO, NOMBRE_COMUN, CARACTERISTICAS_FISICAS, HABITAT_ID, ESTADO_CONSERVACION_ID) VALUES('5230603', 'Conirostrum sitticolor Lafresnaye', 'Blue-backed Conebill', 'kingdom: Animalia - class: Aves', 'THAB0002', 'ESTC0020');
INSERT INTO ESPECIE(ID, NOMBRE_CIENTIFICO, NOMBRE_COMUN, CARACTERISTICAS_FISICAS, HABITAT_ID, ESTADO_CONSERVACION_ID) VALUES('2483172', 'Ochthoeca diadema', 'Yellow-bellied Chat-Tyrant', 'kingdom: Animalia - class: Aves', 'THAB0002', 'ESTC0008');
INSERT INTO ESPECIE(ID, NOMBRE_CIENTIFICO, NOMBRE_COMUN, CARACTERISTICAS_FISICAS, HABITAT_ID, ESTADO_CONSERVACION_ID) VALUES('2481816', 'Gallinago jamesoni', 'Andean Snipe', 'kingdom: Animalia - class: Aves', 'THAB0009', 'ESTC0011');
INSERT INTO ESPECIE(ID, NOMBRE_CIENTIFICO, NOMBRE_COMUN, CARACTERISTICAS_FISICAS, HABITAT_ID, ESTADO_CONSERVACION_ID) VALUES('3105073', 'Espeletia curialensis Cuatrec', 'Espeletia curialensis', 'kingdom: Plantae - class: Magnoliopsida', 'THAB0033', 'ESTC0015');
INSERT INTO ESPECIE(ID, NOMBRE_CIENTIFICO, NOMBRE_COMUN, CARACTERISTICAS_FISICAS, HABITAT_ID, ESTADO_CONSERVACION_ID) VALUES('5290083', 'Alopecurus aequalis Sobol', 'Orange Foxtail', 'kingdom: Plantae - class: Liliopsida', 'THAB0006', 'ESTC0003');
INSERT INTO ESPECIE(ID, NOMBRE_CIENTIFICO, NOMBRE_COMUN, CARACTERISTICAS_FISICAS, HABITAT_ID, ESTADO_CONSERVACION_ID) VALUES('3112142', 'Soliva mexicana DC', 'Soliva mexicana', 'kingdom: Plantae - class: Magnoliopsida', 'THAB0006', 'ESTC0026');
INSERT INTO ESPECIE(ID, NOMBRE_CIENTIFICO, NOMBRE_COMUN, CARACTERISTICAS_FISICAS, HABITAT_ID, ESTADO_CONSERVACION_ID) VALUES('1092730', 'Canthon semiopacus Harold', 'Canthon semiopacus', 'kingdom: Animalia - class: Insecta', 'THAB0002', 'ESTC0005');
INSERT INTO ESPECIE(ID, NOMBRE_CIENTIFICO, NOMBRE_COMUN, CARACTERISTICAS_FISICAS, HABITAT_ID, ESTADO_CONSERVACION_ID) VALUES('2490136', 'Cercomacra tyrannina', 'Dusky Antbird', 'kingdom: Animalia - class: Aves', 'THAB0003', 'ESTC0027');
INSERT INTO ESPECIE(ID, NOMBRE_CIENTIFICO, NOMBRE_COMUN, CARACTERISTICAS_FISICAS, HABITAT_ID, ESTADO_CONSERVACION_ID) VALUES('4172779', 'Gaultheria anastomosans', 'Gaultheria anastomosans', 'kingdom: Plantae - class: Magnoliopsida', 'THAB0002', 'ESTC0029');
INSERT INTO ESPECIE(ID, NOMBRE_CIENTIFICO, NOMBRE_COMUN, CARACTERISTICAS_FISICAS, HABITAT_ID, ESTADO_CONSERVACION_ID) VALUES('5231103', 'Zonotrichia capensis', 'Rufous-collared Sparrow', 'kingdom: Animalia - class: Aves', 'THAB0006', 'ESTC0010');
INSERT INTO ESPECIE(ID, NOMBRE_CIENTIFICO, NOMBRE_COMUN, CARACTERISTICAS_FISICAS, HABITAT_ID, ESTADO_CONSERVACION_ID) VALUES('2495858', 'Columbina talpacoti', 'Ruddy Ground-Dove', 'kingdom: Animalia - class: Aves', 'THAB0005', 'ESTC0004');
INSERT INTO ESPECIE(ID, NOMBRE_CIENTIFICO, NOMBRE_COMUN, CARACTERISTICAS_FISICAS, HABITAT_ID, ESTADO_CONSERVACION_ID) VALUES('5566998', 'Melpomene moniliformis', 'Melpomene moniliformis', 'kingdom: Plantae - class: Polypodiopsida', 'THAB0001', 'ESTC0018');
INSERT INTO ESPECIE(ID, NOMBRE_CIENTIFICO, NOMBRE_COMUN, CARACTERISTICAS_FISICAS, HABITAT_ID, ESTADO_CONSERVACION_ID) VALUES('5684715', 'Plutarchia monantha', 'Plutarchia monantha', 'kingdom: Plantae - class: Magnoliopsida', 'THAB0002', 'ESTC0017');
INSERT INTO ESPECIE(ID, NOMBRE_CIENTIFICO, NOMBRE_COMUN, CARACTERISTICAS_FISICAS, HABITAT_ID, ESTADO_CONSERVACION_ID) VALUES('4055859', 'Buddleja bullata Kunth', 'Buddleja bullata', 'kingdom: Plantae - class: Magnoliopsida', 'THAB0002', 'ESTC0001');
INSERT INTO ESPECIE(ID, NOMBRE_CIENTIFICO, NOMBRE_COMUN, CARACTERISTICAS_FISICAS, HABITAT_ID, ESTADO_CONSERVACION_ID) VALUES('2597761', 'Penicillium thomii Maire', 'Penicillium thomii', 'kingdom: Fungi - class: Eurotiomycetes', 'THAB0036', 'ESTC0019');
INSERT INTO ESPECIE(ID, NOMBRE_CIENTIFICO, NOMBRE_COMUN, CARACTERISTICAS_FISICAS, HABITAT_ID, ESTADO_CONSERVACION_ID) VALUES('3613935', 'Weinmannia mariquitae Szyszyl', 'Weinmannia mariquitae', 'kingdom: Plantae - class: Magnoliopsida', 'THAB0002', 'ESTC0028');
INSERT INTO ESPECIE(ID, NOMBRE_CIENTIFICO, NOMBRE_COMUN, CARACTERISTICAS_FISICAS, HABITAT_ID, ESTADO_CONSERVACION_ID) VALUES('8376201', 'Escallonia myrtilloides', 'Escallonia myrtilloides', 'kingdom: Plantae - class: Magnoliopsida', 'THAB0002', 'ESTC0009');
INSERT INTO ESPECIE(ID, NOMBRE_CIENTIFICO, NOMBRE_COMUN, CARACTERISTICAS_FISICAS, HABITAT_ID, ESTADO_CONSERVACION_ID) VALUES('2491197', 'Catamenia inornata', 'Plain-colored Seedeater', 'kingdom: Animalia - class: Aves', 'THAB0005', 'ESTC0016');
INSERT INTO ESPECIE(ID, NOMBRE_CIENTIFICO, NOMBRE_COMUN, CARACTERISTICAS_FISICAS, HABITAT_ID, ESTADO_CONSERVACION_ID) VALUES('9630100', 'Caballeronia glathei', 'Caballeronia glathei', 'kingdom: Bacteria - class: Gammaproteobacteria', 'THAB0004', 'ESTC0002');
INSERT INTO ESPECIE(ID, NOMBRE_CIENTIFICO, NOMBRE_COMUN, CARACTERISTICAS_FISICAS, HABITAT_ID, ESTADO_CONSERVACION_ID) VALUES('2425718', 'Pristimantis uranobates', 'Caldas Robber Frog', 'kingdom: Animalia - class: Amphibia', 'THAB0007', 'ESTC0024');
INSERT INTO ESPECIE(ID, NOMBRE_CIENTIFICO, NOMBRE_COMUN, CARACTERISTICAS_FISICAS, HABITAT_ID, ESTADO_CONSERVACION_ID) VALUES('2914207', 'Galium hypocarpium', 'Galium hypocarpium', 'kingdom: Plantae - class: Magnoliopsida', 'THAB0002', 'ESTC0025');
INSERT INTO ESPECIE(ID, NOMBRE_CIENTIFICO, NOMBRE_COMUN, CARACTERISTICAS_FISICAS, HABITAT_ID, ESTADO_CONSERVACION_ID) VALUES('3129545', 'Baccharis genistelloides', 'Baccharis genistelloides', 'kingdom: Plantae - class: Magnoliopsida', 'THAB0002', 'ESTC0007');
INSERT INTO ESPECIE(ID, NOMBRE_CIENTIFICO, NOMBRE_COMUN, CARACTERISTICAS_FISICAS, HABITAT_ID, ESTADO_CONSERVACION_ID) VALUES('2754176', 'Bomarea linifolia', 'Bomarea linifolia', 'kingdom: Plantae - class: Liliopsida', 'THAB0002', 'ESTC0023');
INSERT INTO ESPECIE(ID, NOMBRE_CIENTIFICO, NOMBRE_COMUN, CARACTERISTICAS_FISICAS, HABITAT_ID, ESTADO_CONSERVACION_ID) VALUES('5566393', 'Jamesonia bogotensis', 'Jamesonia bogotensis', 'kingdom: Plantae - class: Polypodiopsida', 'THAB0003', 'ESTC0011');
INSERT INTO ESPECIE(ID, NOMBRE_CIENTIFICO, NOMBRE_COMUN, CARACTERISTICAS_FISICAS, HABITAT_ID, ESTADO_CONSERVACION_ID) VALUES('7785474', 'Hesperomeles ferruginea', 'Hesperomeles ferruginea', 'kingdom: Plantae - class: Magnoliopsida', 'THAB0001', 'ESTC0012');
INSERT INTO ESPECIE(ID, NOMBRE_CIENTIFICO, NOMBRE_COMUN, CARACTERISTICAS_FISICAS, HABITAT_ID, ESTADO_CONSERVACION_ID) VALUES('2489208', 'Notiochelidon cyanoleuca', 'Blue-and-white Swallow', 'kingdom: Animalia - class: Aves', 'THAB0002', 'ESTC0003');
INSERT INTO ESPECIE(ID, NOMBRE_CIENTIFICO, NOMBRE_COMUN, CARACTERISTICAS_FISICAS, HABITAT_ID, ESTADO_CONSERVACION_ID) VALUES('7322867', 'Fuchsia petiolaris Kunth', 'Fuchsia petiolaris', 'kingdom: Plantae - class: Magnoliopsida', 'THAB0002', 'ESTC0021');
INSERT INTO ESPECIE(ID, NOMBRE_CIENTIFICO, NOMBRE_COMUN, CARACTERISTICAS_FISICAS, HABITAT_ID, ESTADO_CONSERVACION_ID) VALUES('2483914', 'Pyrrhomyias cinnamomeus', 'Cinnamon Flycatcher', 'kingdom: Animalia - class: Aves', 'THAB0002', 'ESTC0013');
INSERT INTO ESPECIE(ID, NOMBRE_CIENTIFICO, NOMBRE_COMUN, CARACTERISTICAS_FISICAS, HABITAT_ID, ESTADO_CONSERVACION_ID) VALUES('2486368', 'Pipreola arcuata', 'Barred Fruiteater', 'kingdom: Animalia - class: Aves', 'THAB0002', 'ESTC0020');
INSERT INTO ESPECIE(ID, NOMBRE_CIENTIFICO, NOMBRE_COMUN, CARACTERISTICAS_FISICAS, HABITAT_ID, ESTADO_CONSERVACION_ID) VALUES('2497365', 'Megascops choliba', 'Tropical Screech-Owl', 'kingdom: Animalia - class: Aves', 'THAB0002', 'ESTC0010');
INSERT INTO ESPECIE(ID, NOMBRE_CIENTIFICO, NOMBRE_COMUN, CARACTERISTICAS_FISICAS, HABITAT_ID, ESTADO_CONSERVACION_ID) VALUES('2489837', 'Myioborus miniatus', 'Slate-throated Redstart / Slate-throated Whitestart', 'kingdom: Animalia - class: Aves', 'THAB0002', 'ESTC0026');
INSERT INTO ESPECIE(ID, NOMBRE_CIENTIFICO, NOMBRE_COMUN, CARACTERISTICAS_FISICAS, HABITAT_ID, ESTADO_CONSERVACION_ID) VALUES('2479901', 'Pionus chalcopterus', 'Bronze-winged Parrot', 'kingdom: Animalia - class: Aves', 'THAB0001', 'ESTC0005');
INSERT INTO ESPECIE(ID, NOMBRE_CIENTIFICO, NOMBRE_COMUN, CARACTERISTICAS_FISICAS, HABITAT_ID, ESTADO_CONSERVACION_ID) VALUES('2482224', 'Penelope perspicax', 'Cauca Guan', 'kingdom: Animalia - class: Aves', 'THAB0002', 'ESTC0027');
INSERT INTO ESPECIE(ID, NOMBRE_CIENTIFICO, NOMBRE_COMUN, CARACTERISTICAS_FISICAS, HABITAT_ID, ESTADO_CONSERVACION_ID) VALUES('2491741', 'Volatinia jacarina', 'Blue-black Grassquit', 'kingdom: Animalia - class: Aves', 'THAB0005', 'ESTC0018');
INSERT INTO ESPECIE(ID, NOMBRE_CIENTIFICO, NOMBRE_COMUN, CARACTERISTICAS_FISICAS, HABITAT_ID, ESTADO_CONSERVACION_ID) VALUES('2490848', 'Myadestes ralloides', 'Andean Solitaire', 'kingdom: Animalia - class: Aves', 'THAB0002', 'ESTC0008');
INSERT INTO ESPECIE(ID, NOMBRE_CIENTIFICO, NOMBRE_COMUN, CARACTERISTICAS_FISICAS, HABITAT_ID, ESTADO_CONSERVACION_ID) VALUES('5231647', 'Spinus psaltria', 'Lesser Goldfinch', 'kingdom: Animalia - class: Aves', 'THAB0002', 'ESTC0014');
INSERT INTO ESPECIE(ID, NOMBRE_CIENTIFICO, NOMBRE_COMUN, CARACTERISTICAS_FISICAS, HABITAT_ID, ESTADO_CONSERVACION_ID) VALUES('2440899', 'Tapirus pinchaque', 'mountain tapir', 'kingdom: Animalia - class: Mammalia', 'THAB0002', 'ESTC0017');
INSERT INTO ESPECIE(ID, NOMBRE_CIENTIFICO, NOMBRE_COMUN, CARACTERISTICAS_FISICAS, HABITAT_ID, ESTADO_CONSERVACION_ID) VALUES('6101211', 'Aulacorhynchus albivitta', 'White-throated Toucanet', 'kingdom: Animalia - class: Aves', 'THAB0002', 'ESTC0004');
INSERT INTO ESPECIE(ID, NOMBRE_CIENTIFICO, NOMBRE_COMUN, CARACTERISTICAS_FISICAS, HABITAT_ID, ESTADO_CONSERVACION_ID) VALUES('5229662', 'Tyrannus melancholicus', 'Tropical Kingbird', 'kingdom: Animalia - class: Aves', 'THAB0002', 'ESTC0022');
INSERT INTO ESPECIE(ID, NOMBRE_CIENTIFICO, NOMBRE_COMUN, CARACTERISTICAS_FISICAS, HABITAT_ID, ESTADO_CONSERVACION_ID) VALUES('2496287', 'Coccyzus americanus', 'Yellow-billed Cuckoo', 'kingdom: Animalia - class: Aves', 'THAB0002', 'ESTC0029');
INSERT INTO ESPECIE(ID, NOMBRE_CIENTIFICO, NOMBRE_COMUN, CARACTERISTICAS_FISICAS, HABITAT_ID, ESTADO_CONSERVACION_ID) VALUES('9436876', 'Thraupis palmarum', 'Palm Tanager', 'kingdom: Animalia - class: Aves', 'THAB0001', 'ESTC0001');
INSERT INTO ESPECIE(ID, NOMBRE_CIENTIFICO, NOMBRE_COMUN, CARACTERISTICAS_FISICAS, HABITAT_ID, ESTADO_CONSERVACION_ID) VALUES('2483936', 'Zimmerius chrysops', 'Golden-faced Tyrannulet', 'kingdom: Animalia - class: Aves', 'THAB0002', 'ESTC0019');
INSERT INTO ESPECIE(ID, NOMBRE_CIENTIFICO, NOMBRE_COMUN, CARACTERISTICAS_FISICAS, HABITAT_ID, ESTADO_CONSERVACION_ID) VALUES('5220122', 'Mazama rufina', 'Ecuador Red Brocket', 'kingdom: Animalia - class: Mammalia', 'THAB0002', 'ESTC0012');
INSERT INTO ESPECIE(ID, NOMBRE_CIENTIFICO, NOMBRE_COMUN, CARACTERISTICAS_FISICAS, HABITAT_ID, ESTADO_CONSERVACION_ID) VALUES('2433192', 'Glossophaga longirostris Miller', 'Millers Long-tongued Bat', 'kingdom: Animalia - class: Mammalia', 'THAB0001', 'ESTC0015');
INSERT INTO ESPECIE(ID, NOMBRE_CIENTIFICO, NOMBRE_COMUN, CARACTERISTICAS_FISICAS, HABITAT_ID, ESTADO_CONSERVACION_ID) VALUES('6893780', 'Tityus tayrona Louren', 'scorpiones', 'kingdom: Animalia - class: Arachnida', 'THAB0011', 'ESTC0028');
INSERT INTO ESPECIE(ID, NOMBRE_CIENTIFICO, NOMBRE_COMUN, CARACTERISTICAS_FISICAS, HABITAT_ID, ESTADO_CONSERVACION_ID) VALUES('5349322', 'Pterocarpus rohrii Vahl', 'Pterocarpus rohrii', 'kingdom: Plantae - class: Magnoliopsida', 'THAB0002', 'ESTC0023');
INSERT INTO ESPECIE(ID, NOMBRE_CIENTIFICO, NOMBRE_COMUN, CARACTERISTICAS_FISICAS, HABITAT_ID, ESTADO_CONSERVACION_ID) VALUES('7999386', 'Ipomoea pes-caprae', 'railroadvine', 'kingdom: Plantae - class: Magnoliopsida', 'THAB0026', 'ESTC0025');
INSERT INTO ESPECIE(ID, NOMBRE_CIENTIFICO, NOMBRE_COMUN, CARACTERISTICAS_FISICAS, HABITAT_ID, ESTADO_CONSERVACION_ID) VALUES('5230942', 'Saltator maximus', 'Buff-throated Saltator', 'kingdom: Animalia - class: Aves', 'THAB0002', 'ESTC0006');
INSERT INTO ESPECIE(ID, NOMBRE_CIENTIFICO, NOMBRE_COMUN, CARACTERISTICAS_FISICAS, HABITAT_ID, ESTADO_CONSERVACION_ID) VALUES('7265169', 'Melicoccus oliviformis Kunth', 'Melicoccus oliviformis', 'kingdom: Plantae - class: Magnoliopsida', 'THAB0001', 'ESTC0020');
INSERT INTO ESPECIE(ID, NOMBRE_CIENTIFICO, NOMBRE_COMUN, CARACTERISTICAS_FISICAS, HABITAT_ID, ESTADO_CONSERVACION_ID) VALUES('2482882', 'Tolmomyias sulphurescens', 'Yellow-olive Flycatcher / Yellow-olive Flatbill', 'kingdom: Animalia - class: Aves', 'THAB0002', 'ESTC0016');
INSERT INTO ESPECIE(ID, NOMBRE_CIENTIFICO, NOMBRE_COMUN, CARACTERISTICAS_FISICAS, HABITAT_ID, ESTADO_CONSERVACION_ID) VALUES('2433272', 'Artibeus jamaicensis Leach', 'Jamaican fruit bat', 'kingdom: Animalia - class: Mammalia', 'THAB0001', 'ESTC0003');
INSERT INTO ESPECIE(ID, NOMBRE_CIENTIFICO, NOMBRE_COMUN, CARACTERISTICAS_FISICAS, HABITAT_ID, ESTADO_CONSERVACION_ID) VALUES('2481846', 'Jacana jacana', 'Wattled Jacana', 'kingdom: Animalia - class: Aves', 'THAB0009', 'ESTC0027');
INSERT INTO ESPECIE(ID, NOMBRE_CIENTIFICO, NOMBRE_COMUN, CARACTERISTICAS_FISICAS, HABITAT_ID, ESTADO_CONSERVACION_ID) VALUES('9784990', 'Sphyraena barracuda', 'great barracuda', 'kingdom: Animalia - class: Null', 'THAB0037', 'ESTC0024');
INSERT INTO ESPECIE(ID, NOMBRE_CIENTIFICO, NOMBRE_COMUN, CARACTERISTICAS_FISICAS, HABITAT_ID, ESTADO_CONSERVACION_ID) VALUES('3086528', 'Rhizophora mangle L.', 'Red mangrove', 'kingdom: Plantae - class: Magnoliopsida', 'THAB0004', 'ESTC0009');
INSERT INTO ESPECIE(ID, NOMBRE_CIENTIFICO, NOMBRE_COMUN, CARACTERISTICAS_FISICAS, HABITAT_ID, ESTADO_CONSERVACION_ID) VALUES('2484217', 'Psarocolius decumanus', 'Crested Oropendola', 'kingdom: Animalia - class: Aves', 'THAB0001', 'ESTC0007');
INSERT INTO ESPECIE(ID, NOMBRE_CIENTIFICO, NOMBRE_COMUN, CARACTERISTICAS_FISICAS, HABITAT_ID, ESTADO_CONSERVACION_ID) VALUES('9819034', 'Saltator coerulescens', 'Grayish Saltator', 'kingdom: Animalia - class: Aves', 'THAB0002', 'ESTC0011');
INSERT INTO ESPECIE(ID, NOMBRE_CIENTIFICO, NOMBRE_COMUN, CARACTERISTICAS_FISICAS, HABITAT_ID, ESTADO_CONSERVACION_ID) VALUES('2481930', 'Cathartes aura', 'Turkey Vulture', 'kingdom: Animalia - class: Aves', 'THAB0002', 'ESTC0002');
INSERT INTO ESPECIE(ID, NOMBRE_CIENTIFICO, NOMBRE_COMUN, CARACTERISTICAS_FISICAS, HABITAT_ID, ESTADO_CONSERVACION_ID) VALUES('7300855', 'Boehmeria ramiflora Jacq', 'Boehmeria ramiflora', 'kingdom: Plantae - class: Magnoliopsida', 'THAB0002', 'ESTC0013');
INSERT INTO ESPECIE(ID, NOMBRE_CIENTIFICO, NOMBRE_COMUN, CARACTERISTICAS_FISICAS, HABITAT_ID, ESTADO_CONSERVACION_ID) VALUES('2484103', 'Chrysomus icterocephalus', 'Yellow-hooded Blackbird', 'kingdom: Animalia - class: Aves', 'THAB0002', 'ESTC0026');
INSERT INTO ESPECIE(ID, NOMBRE_CIENTIFICO, NOMBRE_COMUN, CARACTERISTICAS_FISICAS, HABITAT_ID, ESTADO_CONSERVACION_ID) VALUES('2490787', 'Turdus olivater', 'Black-hooded Thrush', 'kingdom: Animalia - class: Aves', 'THAB0002', 'ESTC0029');
INSERT INTO ESPECIE(ID, NOMBRE_CIENTIFICO, NOMBRE_COMUN, CARACTERISTICAS_FISICAS, HABITAT_ID, ESTADO_CONSERVACION_ID) VALUES('5175641', 'Ligia simoni', 'Ligia simoni', 'kingdom: Animalia - class: Malacostraca', 'THAB0038', 'ESTC0005');
INSERT INTO ESPECIE(ID, NOMBRE_CIENTIFICO, NOMBRE_COMUN, CARACTERISTICAS_FISICAS, HABITAT_ID, ESTADO_CONSERVACION_ID) VALUES('2483490', 'Myiodynastes chrysocephalus', 'Golden-crowned Flycatcher', 'kingdom: Animalia - class: Aves', 'THAB0002', 'ESTC0010');
INSERT INTO ESPECIE(ID, NOMBRE_CIENTIFICO, NOMBRE_COMUN, CARACTERISTICAS_FISICAS, HABITAT_ID, ESTADO_CONSERVACION_ID) VALUES('3071783', 'Mabea trianae Pax', 'Mabea trianae', 'kingdom: Plantae - class: Magnoliopsida', 'THAB0001', 'ESTC0018');
INSERT INTO ESPECIE(ID, NOMBRE_CIENTIFICO, NOMBRE_COMUN, CARACTERISTICAS_FISICAS, HABITAT_ID, ESTADO_CONSERVACION_ID) VALUES('2343888', 'Platydoras armatulus', 'southern striped Raphael', 'kingdom: Animalia - class: Null', 'THAB0034', 'ESTC0028');
INSERT INTO ESPECIE(ID, NOMBRE_CIENTIFICO, NOMBRE_COMUN, CARACTERISTICAS_FISICAS, HABITAT_ID, ESTADO_CONSERVACION_ID) VALUES('5962432', 'Ctenobrycon oliverai Benine', 'Silver Tetra', 'kingdom: Animalia - class: Null', 'THAB0035', 'ESTC0021');
INSERT INTO ESPECIE(ID, NOMBRE_CIENTIFICO, NOMBRE_COMUN, CARACTERISTICAS_FISICAS, HABITAT_ID, ESTADO_CONSERVACION_ID) VALUES('5229146', 'Vanellus chilensis', 'Southern Lapwing', 'kingdom: Animalia - class: Aves', 'THAB0006', 'ESTC0022');
INSERT INTO ESPECIE(ID, NOMBRE_CIENTIFICO, NOMBRE_COMUN, CARACTERISTICAS_FISICAS, HABITAT_ID, ESTADO_CONSERVACION_ID) VALUES('5545128', 'Ludwigia rigida', 'Ludwigia rigida', 'kingdom: Plantae - class: Magnoliopsida', 'THAB0015', 'ESTC0017');
INSERT INTO ESPECIE(ID, NOMBRE_CIENTIFICO, NOMBRE_COMUN, CARACTERISTICAS_FISICAS, HABITAT_ID, ESTADO_CONSERVACION_ID) VALUES('2477436', 'Tachornis squamata', 'Fork-tailed Palm-Swift / Neotropical Palm-Swift', 'kingdom: Animalia - class: Aves', 'THAB0001', 'ESTC0012');
INSERT INTO ESPECIE(ID, NOMBRE_CIENTIFICO, NOMBRE_COMUN, CARACTERISTICAS_FISICAS, HABITAT_ID, ESTADO_CONSERVACION_ID) VALUES('8953936', 'Caiman crocodilus', 'Common caiman', 'kingdom: Animalia - class: Crocodylia', 'THAB0009', 'ESTC0001');
INSERT INTO ESPECIE(ID, NOMBRE_CIENTIFICO, NOMBRE_COMUN, CARACTERISTICAS_FISICAS, HABITAT_ID, ESTADO_CONSERVACION_ID) VALUES('2480790', 'Theristicus caudatus', 'Buff-necked Ibis', 'kingdom: Animalia - class: Aves', 'THAB0015', 'ESTC0020');
INSERT INTO ESPECIE(ID, NOMBRE_CIENTIFICO, NOMBRE_COMUN, CARACTERISTICAS_FISICAS, HABITAT_ID, ESTADO_CONSERVACION_ID) VALUES('2481006', 'Falco femoralis Temminck', 'Aplomado Falcon', 'kingdom: Animalia - class: Aves', 'THAB0005', 'ESTC0016');
INSERT INTO ESPECIE(ID, NOMBRE_CIENTIFICO, NOMBRE_COMUN, CARACTERISTICAS_FISICAS, HABITAT_ID, ESTADO_CONSERVACION_ID) VALUES('7304294', 'Nectandra cuspidata', 'Nectandra cuspidata', 'kingdom: Plantae - class: Magnoliopsida', 'THAB0002', 'ESTC0008');
INSERT INTO ESPECIE(ID, NOMBRE_CIENTIFICO, NOMBRE_COMUN, CARACTERISTICAS_FISICAS, HABITAT_ID, ESTADO_CONSERVACION_ID) VALUES('1930621', 'Thecla aetolus', 'Thecla aetolus', 'kingdom: Animalia - class: Insecta', 'THAB0001', 'ESTC0025');
INSERT INTO ESPECIE(ID, NOMBRE_CIENTIFICO, NOMBRE_COMUN, CARACTERISTICAS_FISICAS, HABITAT_ID, ESTADO_CONSERVACION_ID) VALUES('4187211', 'Piper ramosense', 'Piper ramosense', 'kingdom: Plantae - class: Magnoliopsida', 'THAB0001', 'ESTC0023');
INSERT INTO ESPECIE(ID, NOMBRE_CIENTIFICO, NOMBRE_COMUN, CARACTERISTICAS_FISICAS, HABITAT_ID, ESTADO_CONSERVACION_ID) VALUES('2483402', 'Lophotriccus pileatus', 'Scale-crested Pygmy-Tyrant', 'kingdom: Animalia - class: Aves', 'THAB0002', 'ESTC0004');
INSERT INTO ESPECIE(ID, NOMBRE_CIENTIFICO, NOMBRE_COMUN, CARACTERISTICAS_FISICAS, HABITAT_ID, ESTADO_CONSERVACION_ID) VALUES('5128034', 'Dryas iulia', 'Julia Heliconian', 'kingdom: Animalia - class: Insecta', 'THAB0001', 'ESTC0003');
INSERT INTO ESPECIE(ID, NOMBRE_CIENTIFICO, NOMBRE_COMUN, CARACTERISTICAS_FISICAS, HABITAT_ID, ESTADO_CONSERVACION_ID) VALUES('4171081', 'Disterigma empetrifolium', 'Disterigma empetrifolium', 'kingdom: Plantae - class: Magnoliopsida', 'THAB0002', 'ESTC0027');
INSERT INTO ESPECIE(ID, NOMBRE_CIENTIFICO, NOMBRE_COMUN, CARACTERISTICAS_FISICAS, HABITAT_ID, ESTADO_CONSERVACION_ID) VALUES('5130528', 'Junonia evarete Cramer', 'Mangrove Buckeye', 'kingdom: Animalia - class: Insecta', 'THAB0004', 'ESTC0019');
INSERT INTO ESPECIE(ID, NOMBRE_CIENTIFICO, NOMBRE_COMUN, CARACTERISTICAS_FISICAS, HABITAT_ID, ESTADO_CONSERVACION_ID) VALUES('1919656', 'Phoebis argante', 'Apricot Sulphur', 'kingdom: Animalia - class: Insecta', 'THAB0001', 'ESTC0010');
INSERT INTO ESPECIE(ID, NOMBRE_CIENTIFICO, NOMBRE_COMUN, CARACTERISTICAS_FISICAS, HABITAT_ID, ESTADO_CONSERVACION_ID) VALUES('2760702', 'Heliconia dielsiana Loes', 'Heliconia dielsiana', 'kingdom: Plantae - class: Liliopsida', 'THAB0002', 'ESTC0014');
INSERT INTO ESPECIE(ID, NOMBRE_CIENTIFICO, NOMBRE_COMUN, CARACTERISTICAS_FISICAS, HABITAT_ID, ESTADO_CONSERVACION_ID) VALUES('4185986', 'Peperomia striata', 'Peperomia striata', 'kingdom: Plantae - class: Magnoliopsida', 'THAB0002', 'ESTC0026');
INSERT INTO ESPECIE(ID, NOMBRE_CIENTIFICO, NOMBRE_COMUN, CARACTERISTICAS_FISICAS, HABITAT_ID, ESTADO_CONSERVACION_ID) VALUES('5308859', 'Fernandezia sanguinea', 'Fernandezia sanguinea', 'kingdom: Plantae - class: Liliopsida', 'THAB0002', 'ESTC0011');
INSERT INTO ESPECIE(ID, NOMBRE_CIENTIFICO, NOMBRE_COMUN, CARACTERISTICAS_FISICAS, HABITAT_ID, ESTADO_CONSERVACION_ID) VALUES('3108061', 'Senecio hypsobates Wedd', 'Senecio hypsobates', 'kingdom: Plantae - class: Magnoliopsida', 'THAB0002', 'ESTC0028');
INSERT INTO ESPECIE(ID, NOMBRE_CIENTIFICO, NOMBRE_COMUN, CARACTERISTICAS_FISICAS, HABITAT_ID, ESTADO_CONSERVACION_ID) VALUES('2485362', 'Syndactyla subalaris', 'Lineated Foliage-gleaner', 'kingdom: Animalia - class: Aves', 'THAB0002', 'ESTC0015');
INSERT INTO ESPECIE(ID, NOMBRE_CIENTIFICO, NOMBRE_COMUN, CARACTERISTICAS_FISICAS, HABITAT_ID, ESTADO_CONSERVACION_ID) VALUES('1938199', 'Protesilaus telesilaus', 'Protesilaus telesilaus', 'kingdom: Animalia - class: Insecta', 'THAB0001', 'ESTC0009');
INSERT INTO ESPECIE(ID, NOMBRE_CIENTIFICO, NOMBRE_COMUN, CARACTERISTICAS_FISICAS, HABITAT_ID, ESTADO_CONSERVACION_ID) VALUES('5128433', 'Eunica malvina Bates', 'Eunica malvina', 'kingdom: Animalia - class: Insecta', 'THAB0001', 'ESTC0007');
INSERT INTO ESPECIE(ID, NOMBRE_CIENTIFICO, NOMBRE_COMUN, CARACTERISTICAS_FISICAS, HABITAT_ID, ESTADO_CONSERVACION_ID) VALUES('5289310', 'Vriesea zamorensis', 'Vriesea zamorensis', 'kingdom: Plantae - class: Liliopsida', 'THAB0001', 'ESTC0029');
INSERT INTO ESPECIE(ID, NOMBRE_CIENTIFICO, NOMBRE_COMUN, CARACTERISTICAS_FISICAS, HABITAT_ID, ESTADO_CONSERVACION_ID) VALUES('10677468', 'Cordillera platycalyx', 'Cordillera platycalyx', 'kingdom: Plantae - class: Magnoliopsida', 'THAB0002', 'ESTC0024');
INSERT INTO ESPECIE(ID, NOMBRE_CIENTIFICO, NOMBRE_COMUN, CARACTERISTICAS_FISICAS, HABITAT_ID, ESTADO_CONSERVACION_ID) VALUES('1908258', 'Taygetis andromeda Cramer', 'Taygetis andromeda', 'kingdom: Animalia - class: Insecta', 'THAB0001', 'ESTC0022');
INSERT INTO ESPECIE(ID, NOMBRE_CIENTIFICO, NOMBRE_COMUN, CARACTERISTICAS_FISICAS, HABITAT_ID, ESTADO_CONSERVACION_ID) VALUES('5132003', 'Limenitis malea', 'Limenitis malea', 'kingdom: Animalia - class: Insecta', 'THAB0001', 'ESTC0020');
INSERT INTO ESPECIE(ID, NOMBRE_CIENTIFICO, NOMBRE_COMUN, CARACTERISTICAS_FISICAS, HABITAT_ID, ESTADO_CONSERVACION_ID) VALUES('7415507', 'Leiothlypis peregrina', 'Tennessee Warbler', 'kingdom: Animalia - class: Aves', 'THAB0002', 'ESTC0005');
INSERT INTO ESPECIE(ID, NOMBRE_CIENTIFICO, NOMBRE_COMUN, CARACTERISTICAS_FISICAS, HABITAT_ID, ESTADO_CONSERVACION_ID) VALUES('5842775', 'Diadema mexicanum A.Agassiz', 'Diadema mexicanum', 'kingdom: Animalia - class: Echinoidea', 'THAB0010', 'ESTC0006');
INSERT INTO ESPECIE(ID, NOMBRE_CIENTIFICO, NOMBRE_COMUN, CARACTERISTICAS_FISICAS, HABITAT_ID, ESTADO_CONSERVACION_ID) VALUES('5209135', 'Prionurus laticlavius', 'Razor Surgeonfish', 'kingdom: Animalia - class: Null', 'THAB0010', 'ESTC0013');
INSERT INTO ESPECIE(ID, NOMBRE_CIENTIFICO, NOMBRE_COMUN, CARACTERISTICAS_FISICAS, HABITAT_ID, ESTADO_CONSERVACION_ID) VALUES('2480726', 'Pandion haliaetus', 'Osprey', 'kingdom: Animalia - class: Aves', 'THAB0027', 'ESTC0018');
INSERT INTO ESPECIE(ID, NOMBRE_CIENTIFICO, NOMBRE_COMUN, CARACTERISTICAS_FISICAS, HABITAT_ID, ESTADO_CONSERVACION_ID) VALUES('5969864', 'Platypodiella gemmata', 'Platypodiella gemmata', 'kingdom: Animalia - class: Malacostraca', 'THAB0038', 'ESTC0017');
INSERT INTO ESPECIE(ID, NOMBRE_CIENTIFICO, NOMBRE_COMUN, CARACTERISTICAS_FISICAS, HABITAT_ID, ESTADO_CONSERVACION_ID) VALUES('5184766', 'Porites lobata Dana', 'hump coral', 'kingdom: Animalia - class: Anthozoa', 'THAB0010', 'ESTC0001');
INSERT INTO ESPECIE(ID, NOMBRE_CIENTIFICO, NOMBRE_COMUN, CARACTERISTICAS_FISICAS, HABITAT_ID, ESTADO_CONSERVACION_ID) VALUES('5209721', 'Bodianus diplotaenia', 'Mexican hogfish', 'kingdom: Animalia - class: Null', 'THAB0010', 'ESTC0021');
INSERT INTO ESPECIE(ID, NOMBRE_CIENTIFICO, NOMBRE_COMUN, CARACTERISTICAS_FISICAS, HABITAT_ID, ESTADO_CONSERVACION_ID) VALUES('2374663', 'Zanclus cornutus', 'Moorish Idol', 'kingdom: Animalia - class: Null', 'THAB0010', 'ESTC0016');
INSERT INTO ESPECIE(ID, NOMBRE_CIENTIFICO, NOMBRE_COMUN, CARACTERISTICAS_FISICAS, HABITAT_ID, ESTADO_CONSERVACION_ID) VALUES('8997374', 'Diploglossus millepunctatus OShaughnessy', 'Dotted galliwasp', 'kingdom: Animalia - class: Squamata', 'THAB0001', 'ESTC0002');
INSERT INTO ESPECIE(ID, NOMBRE_CIENTIFICO, NOMBRE_COMUN, CARACTERISTICAS_FISICAS, HABITAT_ID, ESTADO_CONSERVACION_ID) VALUES('2260542', 'Pavona clavus', 'leaf coral', 'kingdom: Animalia - class: Anthozoa', 'THAB0010', 'ESTC0023');
INSERT INTO ESPECIE(ID, NOMBRE_CIENTIFICO, NOMBRE_COMUN, CARACTERISTICAS_FISICAS, HABITAT_ID, ESTADO_CONSERVACION_ID) VALUES('2398772', 'Stegastes arcifrons', 'Galapagos gregory', 'kingdom: Animalia - class: Null', 'THAB0010', 'ESTC0025');
INSERT INTO ESPECIE(ID, NOMBRE_CIENTIFICO, NOMBRE_COMUN, CARACTERISTICAS_FISICAS, HABITAT_ID, ESTADO_CONSERVACION_ID) VALUES('5842758', 'Tripneustes depressus', 'Tripneustes depressus', 'kingdom: Animalia - class: Echinoidea', 'THAB0034', 'ESTC0027');
INSERT INTO ESPECIE(ID, NOMBRE_CIENTIFICO, NOMBRE_COMUN, CARACTERISTICAS_FISICAS, HABITAT_ID, ESTADO_CONSERVACION_ID) VALUES('2481225', 'Creagrus furcatus', 'Swallow-tailed Gull', 'kingdom: Animalia - class: Aves', 'THAB0027', 'ESTC0012');
INSERT INTO ESPECIE(ID, NOMBRE_CIENTIFICO, NOMBRE_COMUN, CARACTERISTICAS_FISICAS, HABITAT_ID, ESTADO_CONSERVACION_ID) VALUES('2389031', 'Mycteroperca olfax', 'sailfin grouper', 'kingdom: Animalia - class: Null', 'THAB0034', 'ESTC0008');
INSERT INTO ESPECIE(ID, NOMBRE_CIENTIFICO, NOMBRE_COMUN, CARACTERISTICAS_FISICAS, HABITAT_ID, ESTADO_CONSERVACION_ID) VALUES('4311601', 'Calcinus obscurus Stimpson', 'Calcinus obscurus', 'kingdom: Animalia - class: Malacostraca', 'THAB0034', 'ESTC0003');
INSERT INTO ESPECIE(ID, NOMBRE_CIENTIFICO, NOMBRE_COMUN, CARACTERISTICAS_FISICAS, HABITAT_ID, ESTADO_CONSERVACION_ID) VALUES('6516394', 'Siphonaria maura G.B.Sowerby', 'Siphonaria maura', 'kingdom: Animalia - class: Gastropoda', 'THAB0038', 'ESTC0010');
INSERT INTO ESPECIE(ID, NOMBRE_CIENTIFICO, NOMBRE_COMUN, CARACTERISTICAS_FISICAS, HABITAT_ID, ESTADO_CONSERVACION_ID) VALUES('5034771', 'Camponotus sericeiventris', 'Camponotus sericeiventris', 'kingdom: Animalia - class: Insecta', 'THAB0001', 'ESTC0028');
INSERT INTO ESPECIE(ID, NOMBRE_CIENTIFICO, NOMBRE_COMUN, CARACTERISTICAS_FISICAS, HABITAT_ID, ESTADO_CONSERVACION_ID) VALUES('1314142', 'Ectatomma goninion Kugler', 'Ectatomma goninion', 'kingdom: Animalia - class: Insecta', 'THAB0001', 'ESTC0019');
INSERT INTO ESPECIE(ID, NOMBRE_CIENTIFICO, NOMBRE_COMUN, CARACTERISTICAS_FISICAS, HABITAT_ID, ESTADO_CONSERVACION_ID) VALUES('5229361', 'Puffinus lherminieri Lesson', 'Audubons Shearwater', 'kingdom: Animalia - class: Aves', 'THAB0037', 'ESTC0026');
INSERT INTO ESPECIE(ID, NOMBRE_CIENTIFICO, NOMBRE_COMUN, CARACTERISTICAS_FISICAS, HABITAT_ID, ESTADO_CONSERVACION_ID) VALUES('2480824', 'Butorides striata', 'Striated Heron', 'kingdom: Animalia - class: Aves', 'THAB0015', 'ESTC0015');
INSERT INTO ESPECIE(ID, NOMBRE_CIENTIFICO, NOMBRE_COMUN, CARACTERISTICAS_FISICAS, HABITAT_ID, ESTADO_CONSERVACION_ID) VALUES('2398672', 'Abudefduf troschelii', 'Pacific sergeant major', 'kingdom: Animalia - class: Null', 'THAB0010', 'ESTC0014');
INSERT INTO ESPECIE(ID, NOMBRE_CIENTIFICO, NOMBRE_COMUN, CARACTERISTICAS_FISICAS, HABITAT_ID, ESTADO_CONSERVACION_ID) VALUES('5035364', 'Odontomachus bauri Emery', 'Odontomachus bauri', 'kingdom: Animalia - class: Insecta', 'THAB0001', 'ESTC0022');
INSERT INTO ESPECIE(ID, NOMBRE_CIENTIFICO, NOMBRE_COMUN, CARACTERISTICAS_FISICAS, HABITAT_ID, ESTADO_CONSERVACION_ID) VALUES('4311750', 'Clibanarius albidigitus Nobili', 'Clibanarius albidigitus', 'kingdom: Animalia - class: Malacostraca', 'THAB0038', 'ESTC0009');
INSERT INTO ESPECIE(ID, NOMBRE_CIENTIFICO, NOMBRE_COMUN, CARACTERISTICAS_FISICAS, HABITAT_ID, ESTADO_CONSERVACION_ID) VALUES('2489985', 'Setophaga ruticilla', 'American Redstart', 'kingdom: Animalia - class: Aves', 'THAB0002', 'ESTC0004');
INSERT INTO ESPECIE(ID, NOMBRE_CIENTIFICO, NOMBRE_COMUN, CARACTERISTICAS_FISICAS, HABITAT_ID, ESTADO_CONSERVACION_ID) VALUES('1340577', 'Euglossa gorgonensis Cheesman', 'Euglossa gorgonensis', 'kingdom: Animalia - class: Insecta', 'THAB0001', 'ESTC0020');
INSERT INTO ESPECIE(ID, NOMBRE_CIENTIFICO, NOMBRE_COMUN, CARACTERISTICAS_FISICAS, HABITAT_ID, ESTADO_CONSERVACION_ID) VALUES('12335869', 'Archaeoprepona demophon', 'Archaeoprepona demophon', 'kingdom: Animalia - class: Insecta', 'THAB0001', 'ESTC0029');
INSERT INTO ESPECIE(ID, NOMBRE_CIENTIFICO, NOMBRE_COMUN, CARACTERISTICAS_FISICAS, HABITAT_ID, ESTADO_CONSERVACION_ID) VALUES('10738988', 'Succinea aequinoctialis dOrbigny', 'Succinea aequinoctialis', 'kingdom: Animalia - class: Gastropoda', 'THAB0001', 'ESTC0011');
INSERT INTO ESPECIE(ID, NOMBRE_CIENTIFICO, NOMBRE_COMUN, CARACTERISTICAS_FISICAS, HABITAT_ID, ESTADO_CONSERVACION_ID) VALUES('5189971', 'Nerita funiculata Menke', 'Nerita funiculata', 'kingdom: Animalia - class: Gastropoda', 'THAB0038', 'ESTC0017');
INSERT INTO ESPECIE(ID, NOMBRE_CIENTIFICO, NOMBRE_COMUN, CARACTERISTICAS_FISICAS, HABITAT_ID, ESTADO_CONSERVACION_ID) VALUES('4382546', 'Uca panamensis', 'Uca panamensis', 'kingdom: Animalia - class: Malacostraca', 'THAB0038', 'ESTC0007');
INSERT INTO ESPECIE(ID, NOMBRE_CIENTIFICO, NOMBRE_COMUN, CARACTERISTICAS_FISICAS, HABITAT_ID, ESTADO_CONSERVACION_ID) VALUES('7341038', 'Cantorchilus leucotis', 'Buff-breasted Wren', 'kingdom: Animalia - class: Aves', 'THAB0007', 'ESTC0015');
INSERT INTO ESPECIE(ID, NOMBRE_CIENTIFICO, NOMBRE_COMUN, CARACTERISTICAS_FISICAS, HABITAT_ID, ESTADO_CONSERVACION_ID) VALUES('7296368', 'Rinorea lindeniana', 'Rinorea lindeniana', 'kingdom: Plantae - class: Magnoliopsida', 'THAB0001', 'ESTC0005');
INSERT INTO ESPECIE(ID, NOMBRE_CIENTIFICO, NOMBRE_COMUN, CARACTERISTICAS_FISICAS, HABITAT_ID, ESTADO_CONSERVACION_ID) VALUES('2481084', 'Micrastur gilvicollis', 'Lined Forest-Falcon', 'kingdom: Animalia - class: Aves', 'THAB0002', 'ESTC0010');
INSERT INTO ESPECIE(ID, NOMBRE_CIENTIFICO, NOMBRE_COMUN, CARACTERISTICAS_FISICAS, HABITAT_ID, ESTADO_CONSERVACION_ID) VALUES('7341834', 'Setophaga petechia', 'Yellow Warbler / American Yellow Warbler', 'kingdom: Animalia - class: Aves', 'THAB0007', 'ESTC0005');
INSERT INTO ESPECIE(ID, NOMBRE_CIENTIFICO, NOMBRE_COMUN, CARACTERISTICAS_FISICAS, HABITAT_ID, ESTADO_CONSERVACION_ID) VALUES('3862377', 'Miconia ligustrina', 'Miconia ligustrina', 'kingdom: Plantae - class: Magnoliopsida', 'THAB0001', 'ESTC0005');
INSERT INTO ESPECIE(ID, NOMBRE_CIENTIFICO, NOMBRE_COMUN, CARACTERISTICAS_FISICAS, HABITAT_ID, ESTADO_CONSERVACION_ID) VALUES('3105109', 'Espeletia lopezii Cuatrec', 'Espeletia lopezii', 'kingdom: Plantae - class: Magnoliopsida', 'THAB0002', 'ESTC0005');
INSERT INTO ESPECIE(ID, NOMBRE_CIENTIFICO, NOMBRE_COMUN, CARACTERISTICAS_FISICAS, HABITAT_ID, ESTADO_CONSERVACION_ID) VALUES('3105061', 'Espeletia cleefii Cuatrec', 'Espeletia cleefii', 'kingdom: Plantae - class: Magnoliopsida', 'THAB0002', 'ESTC0005');
INSERT INTO ESPECIE(ID, NOMBRE_CIENTIFICO, NOMBRE_COMUN, CARACTERISTICAS_FISICAS, HABITAT_ID, ESTADO_CONSERVACION_ID) VALUES('2490033', 'Dysithamnus mentalis', 'Plain Antvireo', 'kingdom: Animalia - class: Aves', 'THAB0007', 'ESTC0005');
INSERT INTO ESPECIE(ID, NOMBRE_CIENTIFICO, NOMBRE_COMUN, CARACTERISTICAS_FISICAS, HABITAT_ID, ESTADO_CONSERVACION_ID) VALUES('2483612', 'Sayornis nigricans', 'Black Phoebe', 'kingdom: Animalia - class: Aves', 'THAB0007', 'ESTC0005');
INSERT INTO ESPECIE(ID, NOMBRE_CIENTIFICO, NOMBRE_COMUN, CARACTERISTICAS_FISICAS, HABITAT_ID, ESTADO_CONSERVACION_ID) VALUES('2433194', 'Glossophaga soricina', 'Pallass Long-tongued Bat', 'kingdom: Animalia - class: Mammalia', 'THAB0001', 'ESTC0005');
INSERT INTO ESPECIE(ID, NOMBRE_CIENTIFICO, NOMBRE_COMUN, CARACTERISTICAS_FISICAS, HABITAT_ID, ESTADO_CONSERVACION_ID) VALUES('2481942', 'Coragyps atratus', 'Black Vulture', 'kingdom: Animalia - class: Aves', 'THAB0007', 'ESTC0005');
INSERT INTO ESPECIE(ID, NOMBRE_CIENTIFICO, NOMBRE_COMUN, CARACTERISTICAS_FISICAS, HABITAT_ID, ESTADO_CONSERVACION_ID) VALUES('4082281', 'Goniopteris straminea', 'Goniopteris straminea', 'kingdom: Plantae - class: Polypodiopsida', 'THAB0001', 'ESTC0005');
INSERT INTO ESPECIE(ID, NOMBRE_CIENTIFICO, NOMBRE_COMUN, CARACTERISTICAS_FISICAS, HABITAT_ID, ESTADO_CONSERVACION_ID) VALUES('2425253', 'Pristimantis tayrona', 'Cebolleta Robber Frog', 'kingdom: Animalia - class: Amphibia', 'THAB0001', 'ESTC0005');
INSERT INTO ESPECIE(ID, NOMBRE_CIENTIFICO, NOMBRE_COMUN, CARACTERISTICAS_FISICAS, HABITAT_ID, ESTADO_CONSERVACION_ID) VALUES('8338389', 'Callichlamys latifolia', 'Callichlamys latifolia', 'kingdom: Plantae - class: Magnoliopsida', 'THAB0001', 'ESTC0005');
INSERT INTO ESPECIE(ID, NOMBRE_CIENTIFICO, NOMBRE_COMUN, CARACTERISTICAS_FISICAS, HABITAT_ID, ESTADO_CONSERVACION_ID) VALUES('9189710', 'Muellera sanctae-marthae', 'Muellera sanctae-marthae', 'kingdom: Plantae - class: Magnoliopsida', 'THAB0001', 'ESTC0005');
INSERT INTO ESPECIE(ID, NOMBRE_CIENTIFICO, NOMBRE_COMUN, CARACTERISTICAS_FISICAS, HABITAT_ID, ESTADO_CONSERVACION_ID) VALUES('2433165', 'Chiroderma villosum Peters', 'Hairy Big-eyed Bat', 'kingdom: Animalia - class: Mammalia', 'THAB0001', 'ESTC0005');
INSERT INTO ESPECIE(ID, NOMBRE_CIENTIFICO, NOMBRE_COMUN, CARACTERISTICAS_FISICAS, HABITAT_ID, ESTADO_CONSERVACION_ID) VALUES('2491841', 'Sicalis citrina Pelzeln', 'Stripe-tailed Yellow-Finch', 'kingdom: Animalia - class: Aves', 'THAB0007', 'ESTC0005');
INSERT INTO ESPECIE(ID, NOMBRE_CIENTIFICO, NOMBRE_COMUN, CARACTERISTICAS_FISICAS, HABITAT_ID, ESTADO_CONSERVACION_ID) VALUES('2487998', 'Euphonia laniirostris dOrbigny', 'Thick-billed Euphonia', 'kingdom: Animalia - class: Aves', 'THAB0007', 'ESTC0005');
INSERT INTO ESPECIE(ID, NOMBRE_CIENTIFICO, NOMBRE_COMUN, CARACTERISTICAS_FISICAS, HABITAT_ID, ESTADO_CONSERVACION_ID) VALUES('2491624', 'Arremon schlegeli Bonaparte', 'Golden-winged Sparrow', 'kingdom: Animalia - class: Aves', 'THAB0007', 'ESTC0005');
INSERT INTO ESPECIE(ID, NOMBRE_CIENTIFICO, NOMBRE_COMUN, CARACTERISTICAS_FISICAS, HABITAT_ID, ESTADO_CONSERVACION_ID) VALUES('2478125', 'Melanerpes rubricapillus', 'Red-crowned Woodpecker', 'kingdom: Animalia - class: Aves', 'THAB0007', 'ESTC0005');
INSERT INTO ESPECIE(ID, NOMBRE_CIENTIFICO, NOMBRE_COMUN, CARACTERISTICAS_FISICAS, HABITAT_ID, ESTADO_CONSERVACION_ID) VALUES('5229564', 'Fluvicola pica', 'Pied Water-Tyrant', 'kingdom: Animalia - class: Aves', 'THAB0007', 'ESTC0005');
INSERT INTO ESPECIE(ID, NOMBRE_CIENTIFICO, NOMBRE_COMUN, CARACTERISTICAS_FISICAS, HABITAT_ID, ESTADO_CONSERVACION_ID) VALUES('5230811', 'Vermivora chrysoptera', 'Golden-winged Warbler', 'kingdom: Animalia - class: Aves', 'THAB0007', 'ESTC0005');
INSERT INTO ESPECIE(ID, NOMBRE_CIENTIFICO, NOMBRE_COMUN, CARACTERISTICAS_FISICAS, HABITAT_ID, ESTADO_CONSERVACION_ID) VALUES('5231459', 'Troglodytes aedon Vieillot', 'Northern House-Wren', 'kingdom: Animalia - class: Aves', 'THAB0007', 'ESTC0005');
INSERT INTO ESPECIE(ID, NOMBRE_CIENTIFICO, NOMBRE_COMUN, CARACTERISTICAS_FISICAS, HABITAT_ID, ESTADO_CONSERVACION_ID) VALUES('2487629', 'Pipra erythrocephala', 'Golden-headed Manakin', 'kingdom: Animalia - class: Aves', 'THAB0007', 'ESTC0005');
INSERT INTO ESPECIE(ID, NOMBRE_CIENTIFICO, NOMBRE_COMUN, CARACTERISTICAS_FISICAS, HABITAT_ID, ESTADO_CONSERVACION_ID) VALUES('1093377', 'Ontherus appendiculatus', 'Ontherus appendiculatus', 'kingdom: Animalia - class: Insecta', 'THAB0001', 'ESTC0005');

INSERT INTO OBSERVACION_ESPECIE(ID, CANTIDAD_ESPECIE, OBSERVACION_ID, ESPECIE_ID) VALUES('OBES0001', 12, '3181011145', '7341038');
INSERT INTO OBSERVACION_ESPECIE(ID, CANTIDAD_ESPECIE, OBSERVACION_ID, ESPECIE_ID) VALUES('OBES0002', 8, '1062303852', '7296368');
INSERT INTO OBSERVACION_ESPECIE(ID, CANTIDAD_ESPECIE, OBSERVACION_ID, ESPECIE_ID) VALUES('OBES0003', 2, '4006534734', '5230759');
INSERT INTO OBSERVACION_ESPECIE(ID, CANTIDAD_ESPECIE, OBSERVACION_ID, ESPECIE_ID) VALUES('OBES0004', 11, '1062303638', '3072468');
INSERT INTO OBSERVACION_ESPECIE(ID, CANTIDAD_ESPECIE, OBSERVACION_ID, ESPECIE_ID) VALUES('OBES0005', 5, '3258300812', '2488602');
INSERT INTO OBSERVACION_ESPECIE(ID, CANTIDAD_ESPECIE, OBSERVACION_ID, ESPECIE_ID) VALUES('OBES0006', 11, '3177923314', '2490137');
INSERT INTO OBSERVACION_ESPECIE(ID, CANTIDAD_ESPECIE, OBSERVACION_ID, ESPECIE_ID) VALUES('OBES0007', 11, '1891025336', '9598458');
INSERT INTO OBSERVACION_ESPECIE(ID, CANTIDAD_ESPECIE, OBSERVACION_ID, ESPECIE_ID) VALUES('OBES0008', 12, '3248358720', '2478122');
INSERT INTO OBSERVACION_ESPECIE(ID, CANTIDAD_ESPECIE, OBSERVACION_ID, ESPECIE_ID) VALUES('OBES0009', 3, '1062304279', '2968237');
INSERT INTO OBSERVACION_ESPECIE(ID, CANTIDAD_ESPECIE, OBSERVACION_ID, ESPECIE_ID) VALUES('OBES0010', 20, '3300295865', '2480720');
INSERT INTO OBSERVACION_ESPECIE(ID, CANTIDAD_ESPECIE, OBSERVACION_ID, ESPECIE_ID) VALUES('OBES0011', 9, '3177923314', '2490137');
INSERT INTO OBSERVACION_ESPECIE(ID, CANTIDAD_ESPECIE, OBSERVACION_ID, ESPECIE_ID) VALUES('OBES0012', 16, '3182157489', '2481084');
INSERT INTO OBSERVACION_ESPECIE(ID, CANTIDAD_ESPECIE, OBSERVACION_ID, ESPECIE_ID) VALUES('OBES0013', 15, '935686667', '2492082');
INSERT INTO OBSERVACION_ESPECIE(ID, CANTIDAD_ESPECIE, OBSERVACION_ID, ESPECIE_ID) VALUES('OBES0014', 10, '3258911500', '5959228');
INSERT INTO OBSERVACION_ESPECIE(ID, CANTIDAD_ESPECIE, OBSERVACION_ID, ESPECIE_ID) VALUES('OBES0015', 10, '1062304002', '7608475');
INSERT INTO OBSERVACION_ESPECIE(ID, CANTIDAD_ESPECIE, OBSERVACION_ID, ESPECIE_ID) VALUES('OBES0016', 2, '1253920813', '8054047');
INSERT INTO OBSERVACION_ESPECIE(ID, CANTIDAD_ESPECIE, OBSERVACION_ID, ESPECIE_ID) VALUES('OBES0017', 17, '1699605788', '2338858');
INSERT INTO OBSERVACION_ESPECIE(ID, CANTIDAD_ESPECIE, OBSERVACION_ID, ESPECIE_ID) VALUES('OBES0018', 13, '3394056697', '10874246');
INSERT INTO OBSERVACION_ESPECIE(ID, CANTIDAD_ESPECIE, OBSERVACION_ID, ESPECIE_ID) VALUES('OBES0019', 6, '1062303696', '10289996');
INSERT INTO OBSERVACION_ESPECIE(ID, CANTIDAD_ESPECIE, OBSERVACION_ID, ESPECIE_ID) VALUES('OBES0020', 14, '657385326', '2429137');
INSERT INTO OBSERVACION_ESPECIE(ID, CANTIDAD_ESPECIE, OBSERVACION_ID, ESPECIE_ID) VALUES('OBES0021', 17, '3642794320', '2480951');
INSERT INTO OBSERVACION_ESPECIE(ID, CANTIDAD_ESPECIE, OBSERVACION_ID, ESPECIE_ID) VALUES('OBES0022', 1, '657388227', '5216636');
INSERT INTO OBSERVACION_ESPECIE(ID, CANTIDAD_ESPECIE, OBSERVACION_ID, ESPECIE_ID) VALUES('OBES0023', 4, '3468333848', '7322182');
INSERT INTO OBSERVACION_ESPECIE(ID, CANTIDAD_ESPECIE, OBSERVACION_ID, ESPECIE_ID) VALUES('OBES0024', 20, '657386279', '5218021');
INSERT INTO OBSERVACION_ESPECIE(ID, CANTIDAD_ESPECIE, OBSERVACION_ID, ESPECIE_ID) VALUES('OBES0025', 10, '1375138451', '5789280');
INSERT INTO OBSERVACION_ESPECIE(ID, CANTIDAD_ESPECIE, OBSERVACION_ID, ESPECIE_ID) VALUES('OBES0026', 1, '2124628791', '2486467');
INSERT INTO OBSERVACION_ESPECIE(ID, CANTIDAD_ESPECIE, OBSERVACION_ID, ESPECIE_ID) VALUES('OBES0027', 7, '1791469914', '2483531');
INSERT INTO OBSERVACION_ESPECIE(ID, CANTIDAD_ESPECIE, OBSERVACION_ID, ESPECIE_ID) VALUES('OBES0028', 16, '1791478351', '2497011');
INSERT INTO OBSERVACION_ESPECIE(ID, CANTIDAD_ESPECIE, OBSERVACION_ID, ESPECIE_ID) VALUES('OBES0029', 16, '4384508313', '5231162');
INSERT INTO OBSERVACION_ESPECIE(ID, CANTIDAD_ESPECIE, OBSERVACION_ID, ESPECIE_ID) VALUES('OBES0030', 19, '1338802684', '2490519');
INSERT INTO OBSERVACION_ESPECIE(ID, CANTIDAD_ESPECIE, OBSERVACION_ID, ESPECIE_ID) VALUES('OBES0031', 18, '1196543525', '2496210');
INSERT INTO OBSERVACION_ESPECIE(ID, CANTIDAD_ESPECIE, OBSERVACION_ID, ESPECIE_ID) VALUES('OBES0032', 2, '4339366221', '5230759');
INSERT INTO OBSERVACION_ESPECIE(ID, CANTIDAD_ESPECIE, OBSERVACION_ID, ESPECIE_ID) VALUES('OBES0033', 14, '1377268254', '2496647');
INSERT INTO OBSERVACION_ESPECIE(ID, CANTIDAD_ESPECIE, OBSERVACION_ID, ESPECIE_ID) VALUES('OBES0034', 20, '4231927319', '2493744');
INSERT INTO OBSERVACION_ESPECIE(ID, CANTIDAD_ESPECIE, OBSERVACION_ID, ESPECIE_ID) VALUES('OBES0035', 4, '4321397493', '5229832');
INSERT INTO OBSERVACION_ESPECIE(ID, CANTIDAD_ESPECIE, OBSERVACION_ID, ESPECIE_ID) VALUES('OBES0036', 16, '3859391878', '9377161');
INSERT INTO OBSERVACION_ESPECIE(ID, CANTIDAD_ESPECIE, OBSERVACION_ID, ESPECIE_ID) VALUES('OBES0037', 9, '657388276', '5216636');
INSERT INTO OBSERVACION_ESPECIE(ID, CANTIDAD_ESPECIE, OBSERVACION_ID, ESPECIE_ID) VALUES('OBES0038', 15, '4383821194', '2493744');
INSERT INTO OBSERVACION_ESPECIE(ID, CANTIDAD_ESPECIE, OBSERVACION_ID, ESPECIE_ID) VALUES('OBES0039', 9, '3593079511', '9105847');
INSERT INTO OBSERVACION_ESPECIE(ID, CANTIDAD_ESPECIE, OBSERVACION_ID, ESPECIE_ID) VALUES('OBES0040', 13, '2176040233', '2489177');
INSERT INTO OBSERVACION_ESPECIE(ID, CANTIDAD_ESPECIE, OBSERVACION_ID, ESPECIE_ID) VALUES('OBES0041', 17, '2165009886', '2493957');
INSERT INTO OBSERVACION_ESPECIE(ID, CANTIDAD_ESPECIE, OBSERVACION_ID, ESPECIE_ID) VALUES('OBES0042', 7, '1932207977', '5230680');
INSERT INTO OBSERVACION_ESPECIE(ID, CANTIDAD_ESPECIE, OBSERVACION_ID, ESPECIE_ID) VALUES('OBES0043', 14, '2709635702', '9376700');
INSERT INTO OBSERVACION_ESPECIE(ID, CANTIDAD_ESPECIE, OBSERVACION_ID, ESPECIE_ID) VALUES('OBES0044', 4, '2113131685', '5230649');
INSERT INTO OBSERVACION_ESPECIE(ID, CANTIDAD_ESPECIE, OBSERVACION_ID, ESPECIE_ID) VALUES('OBES0045', 14, '2066508938', '2483822');
INSERT INTO OBSERVACION_ESPECIE(ID, CANTIDAD_ESPECIE, OBSERVACION_ID, ESPECIE_ID) VALUES('OBES0046', 9, '3581909777', '7342083');
INSERT INTO OBSERVACION_ESPECIE(ID, CANTIDAD_ESPECIE, OBSERVACION_ID, ESPECIE_ID) VALUES('OBES0047', 19, '4131565316', '4011320');
INSERT INTO OBSERVACION_ESPECIE(ID, CANTIDAD_ESPECIE, OBSERVACION_ID, ESPECIE_ID) VALUES('OBES0048', 7, '2068860638', '2488106');
INSERT INTO OBSERVACION_ESPECIE(ID, CANTIDAD_ESPECIE, OBSERVACION_ID, ESPECIE_ID) VALUES('OBES0049', 1, '2108214341', '11144039');
INSERT INTO OBSERVACION_ESPECIE(ID, CANTIDAD_ESPECIE, OBSERVACION_ID, ESPECIE_ID) VALUES('OBES0050', 12, '2714425759', '2477033');
INSERT INTO OBSERVACION_ESPECIE(ID, CANTIDAD_ESPECIE, OBSERVACION_ID, ESPECIE_ID) VALUES('OBES0051', 2, '1934703265', '3866257');
INSERT INTO OBSERVACION_ESPECIE(ID, CANTIDAD_ESPECIE, OBSERVACION_ID, ESPECIE_ID) VALUES('OBES0052', 4, '3243221417', '7341947');
INSERT INTO OBSERVACION_ESPECIE(ID, CANTIDAD_ESPECIE, OBSERVACION_ID, ESPECIE_ID) VALUES('OBES0053', 3, '1932208547', '2493788');
INSERT INTO OBSERVACION_ESPECIE(ID, CANTIDAD_ESPECIE, OBSERVACION_ID, ESPECIE_ID) VALUES('OBES0054', 5, '2072578158', '5230603');
INSERT INTO OBSERVACION_ESPECIE(ID, CANTIDAD_ESPECIE, OBSERVACION_ID, ESPECIE_ID) VALUES('OBES0055', 12, '1764693251', '2489177');
INSERT INTO OBSERVACION_ESPECIE(ID, CANTIDAD_ESPECIE, OBSERVACION_ID, ESPECIE_ID) VALUES('OBES0056', 13, '2054285015', '2483172');
INSERT INTO OBSERVACION_ESPECIE(ID, CANTIDAD_ESPECIE, OBSERVACION_ID, ESPECIE_ID) VALUES('OBES0057', 15, '1932208380', '2481816');
INSERT INTO OBSERVACION_ESPECIE(ID, CANTIDAD_ESPECIE, OBSERVACION_ID, ESPECIE_ID) VALUES('OBES0058', 19, '3450186640', '7341834');
INSERT INTO OBSERVACION_ESPECIE(ID, CANTIDAD_ESPECIE, OBSERVACION_ID, ESPECIE_ID) VALUES('OBES0059', 12, '1099338309', '3862377');
INSERT INTO OBSERVACION_ESPECIE(ID, CANTIDAD_ESPECIE, OBSERVACION_ID, ESPECIE_ID) VALUES('OBES0060', 14, '3450183890', '3105073');
INSERT INTO OBSERVACION_ESPECIE(ID, CANTIDAD_ESPECIE, OBSERVACION_ID, ESPECIE_ID) VALUES('OBES0061', 6, '3450184357', '3105061');
INSERT INTO OBSERVACION_ESPECIE(ID, CANTIDAD_ESPECIE, OBSERVACION_ID, ESPECIE_ID) VALUES('OBES0062', 11, '3450183537', '3105073');
INSERT INTO OBSERVACION_ESPECIE(ID, CANTIDAD_ESPECIE, OBSERVACION_ID, ESPECIE_ID) VALUES('OBES0063', 3, '781038351', '5290083');
INSERT INTO OBSERVACION_ESPECIE(ID, CANTIDAD_ESPECIE, OBSERVACION_ID, ESPECIE_ID) VALUES('OBES0064', 12, '3450183461', '3105061');
INSERT INTO OBSERVACION_ESPECIE(ID, CANTIDAD_ESPECIE, OBSERVACION_ID, ESPECIE_ID) VALUES('OBES0065', 12, '3450183100', '3105061');
INSERT INTO OBSERVACION_ESPECIE(ID, CANTIDAD_ESPECIE, OBSERVACION_ID, ESPECIE_ID) VALUES('OBES0066', 13, '1890934514', '3112142');
INSERT INTO OBSERVACION_ESPECIE(ID, CANTIDAD_ESPECIE, OBSERVACION_ID, ESPECIE_ID) VALUES('OBES0067', 4, '1801413566', '1092730');
INSERT INTO OBSERVACION_ESPECIE(ID, CANTIDAD_ESPECIE, OBSERVACION_ID, ESPECIE_ID) VALUES('OBES0068', 3, '2656219349', '2490136');
INSERT INTO OBSERVACION_ESPECIE(ID, CANTIDAD_ESPECIE, OBSERVACION_ID, ESPECIE_ID) VALUES('OBES0069', 7, '3450183305', '3105061');
INSERT INTO OBSERVACION_ESPECIE(ID, CANTIDAD_ESPECIE, OBSERVACION_ID, ESPECIE_ID) VALUES('OBES0070', 8, '2515521031', '4172779');
INSERT INTO OBSERVACION_ESPECIE(ID, CANTIDAD_ESPECIE, OBSERVACION_ID, ESPECIE_ID) VALUES('OBES0071', 14, '3450183861', '3105073');
INSERT INTO OBSERVACION_ESPECIE(ID, CANTIDAD_ESPECIE, OBSERVACION_ID, ESPECIE_ID) VALUES('OBES0072', 10, '3450182732', '3105061');
INSERT INTO OBSERVACION_ESPECIE(ID, CANTIDAD_ESPECIE, OBSERVACION_ID, ESPECIE_ID) VALUES('OBES0073', 16, '3450183379', '3105061');
INSERT INTO OBSERVACION_ESPECIE(ID, CANTIDAD_ESPECIE, OBSERVACION_ID, ESPECIE_ID) VALUES('OBES0074', 2, '1318548750', '3105109');
INSERT INTO OBSERVACION_ESPECIE(ID, CANTIDAD_ESPECIE, OBSERVACION_ID, ESPECIE_ID) VALUES('OBES0075', 11, '3450184423', '3105061');
INSERT INTO OBSERVACION_ESPECIE(ID, CANTIDAD_ESPECIE, OBSERVACION_ID, ESPECIE_ID) VALUES('OBES0076', 2, '3450185472', '3105073');
INSERT INTO OBSERVACION_ESPECIE(ID, CANTIDAD_ESPECIE, OBSERVACION_ID, ESPECIE_ID) VALUES('OBES0077', 4, '3510141113', '5231103');
INSERT INTO OBSERVACION_ESPECIE(ID, CANTIDAD_ESPECIE, OBSERVACION_ID, ESPECIE_ID) VALUES('OBES0078', 14, '3206111405', '2495858');
INSERT INTO OBSERVACION_ESPECIE(ID, CANTIDAD_ESPECIE, OBSERVACION_ID, ESPECIE_ID) VALUES('OBES0079', 6, '4453953945', '5566998');
INSERT INTO OBSERVACION_ESPECIE(ID, CANTIDAD_ESPECIE, OBSERVACION_ID, ESPECIE_ID) VALUES('OBES0080', 19, '1257488766', '5684715');
INSERT INTO OBSERVACION_ESPECIE(ID, CANTIDAD_ESPECIE, OBSERVACION_ID, ESPECIE_ID) VALUES('OBES0081', 13, '1257487871', '4055859');
INSERT INTO OBSERVACION_ESPECIE(ID, CANTIDAD_ESPECIE, OBSERVACION_ID, ESPECIE_ID) VALUES('OBES0082', 12, '986399439', '2597761');
INSERT INTO OBSERVACION_ESPECIE(ID, CANTIDAD_ESPECIE, OBSERVACION_ID, ESPECIE_ID) VALUES('OBES0083', 2, '1257487787', '4055859');
INSERT INTO OBSERVACION_ESPECIE(ID, CANTIDAD_ESPECIE, OBSERVACION_ID, ESPECIE_ID) VALUES('OBES0084', 1, '1257487923', '3613935');
INSERT INTO OBSERVACION_ESPECIE(ID, CANTIDAD_ESPECIE, OBSERVACION_ID, ESPECIE_ID) VALUES('OBES0085', 4, '1257488423', '8376201');
INSERT INTO OBSERVACION_ESPECIE(ID, CANTIDAD_ESPECIE, OBSERVACION_ID, ESPECIE_ID) VALUES('OBES0086', 17, '2243141989', '2491197');
INSERT INTO OBSERVACION_ESPECIE(ID, CANTIDAD_ESPECIE, OBSERVACION_ID, ESPECIE_ID) VALUES('OBES0087', 19, '986398764', '9630100');
INSERT INTO OBSERVACION_ESPECIE(ID, CANTIDAD_ESPECIE, OBSERVACION_ID, ESPECIE_ID) VALUES('OBES0088', 17, '1257486061', '8376201');
INSERT INTO OBSERVACION_ESPECIE(ID, CANTIDAD_ESPECIE, OBSERVACION_ID, ESPECIE_ID) VALUES('OBES0089', 11, '1051526780', '2425718');
INSERT INTO OBSERVACION_ESPECIE(ID, CANTIDAD_ESPECIE, OBSERVACION_ID, ESPECIE_ID) VALUES('OBES0090', 14, '1257487931', '2914207');
INSERT INTO OBSERVACION_ESPECIE(ID, CANTIDAD_ESPECIE, OBSERVACION_ID, ESPECIE_ID) VALUES('OBES0091', 12, '3467698370', '3129545');
INSERT INTO OBSERVACION_ESPECIE(ID, CANTIDAD_ESPECIE, OBSERVACION_ID, ESPECIE_ID) VALUES('OBES0092', 16, '1257491482', '2754176');
INSERT INTO OBSERVACION_ESPECIE(ID, CANTIDAD_ESPECIE, OBSERVACION_ID, ESPECIE_ID) VALUES('OBES0093', 7, '1257486864', '5566393');
INSERT INTO OBSERVACION_ESPECIE(ID, CANTIDAD_ESPECIE, OBSERVACION_ID, ESPECIE_ID) VALUES('OBES0094', 3, '1257486036', '7785474');
INSERT INTO OBSERVACION_ESPECIE(ID, CANTIDAD_ESPECIE, OBSERVACION_ID, ESPECIE_ID) VALUES('OBES0095', 16, '1932174958', '2489208');
INSERT INTO OBSERVACION_ESPECIE(ID, CANTIDAD_ESPECIE, OBSERVACION_ID, ESPECIE_ID) VALUES('OBES0096', 2, '1257486384', '7322867');
INSERT INTO OBSERVACION_ESPECIE(ID, CANTIDAD_ESPECIE, OBSERVACION_ID, ESPECIE_ID) VALUES('OBES0097', 15, '1932170244', '2483914');
INSERT INTO OBSERVACION_ESPECIE(ID, CANTIDAD_ESPECIE, OBSERVACION_ID, ESPECIE_ID) VALUES('OBES0098', 7, '2243142704', '5231103');
INSERT INTO OBSERVACION_ESPECIE(ID, CANTIDAD_ESPECIE, OBSERVACION_ID, ESPECIE_ID) VALUES('OBES0099', 6, '4156572359', '2486368');
INSERT INTO OBSERVACION_ESPECIE(ID, CANTIDAD_ESPECIE, OBSERVACION_ID, ESPECIE_ID) VALUES('OBES0100', 3, '2243553015', '2497365');
INSERT INTO OBSERVACION_ESPECIE(ID, CANTIDAD_ESPECIE, OBSERVACION_ID, ESPECIE_ID) VALUES('OBES0101', 5, '962763380', '2489837');
INSERT INTO OBSERVACION_ESPECIE(ID, CANTIDAD_ESPECIE, OBSERVACION_ID, ESPECIE_ID) VALUES('OBES0102', 3, '4385548746', '2479901');
INSERT INTO OBSERVACION_ESPECIE(ID, CANTIDAD_ESPECIE, OBSERVACION_ID, ESPECIE_ID) VALUES('OBES0103', 19, '2121202693', '2482224');
INSERT INTO OBSERVACION_ESPECIE(ID, CANTIDAD_ESPECIE, OBSERVACION_ID, ESPECIE_ID) VALUES('OBES0104', 3, '2189964860', '2491741');
INSERT INTO OBSERVACION_ESPECIE(ID, CANTIDAD_ESPECIE, OBSERVACION_ID, ESPECIE_ID) VALUES('OBES0105', 14, '3157741276', '2490848');
INSERT INTO OBSERVACION_ESPECIE(ID, CANTIDAD_ESPECIE, OBSERVACION_ID, ESPECIE_ID) VALUES('OBES0106', 19, '2725390869', '5231103');
INSERT INTO OBSERVACION_ESPECIE(ID, CANTIDAD_ESPECIE, OBSERVACION_ID, ESPECIE_ID) VALUES('OBES0107', 19, '963077394', '5231647');
INSERT INTO OBSERVACION_ESPECIE(ID, CANTIDAD_ESPECIE, OBSERVACION_ID, ESPECIE_ID) VALUES('OBES0108', 7, '3118582323', '2440899');
INSERT INTO OBSERVACION_ESPECIE(ID, CANTIDAD_ESPECIE, OBSERVACION_ID, ESPECIE_ID) VALUES('OBES0109', 13, '1406994574', '6101211');
INSERT INTO OBSERVACION_ESPECIE(ID, CANTIDAD_ESPECIE, OBSERVACION_ID, ESPECIE_ID) VALUES('OBES0110', 12, '1201668493', '5229662');
INSERT INTO OBSERVACION_ESPECIE(ID, CANTIDAD_ESPECIE, OBSERVACION_ID, ESPECIE_ID) VALUES('OBES0111', 1, '1932170032', '2496287');
INSERT INTO OBSERVACION_ESPECIE(ID, CANTIDAD_ESPECIE, OBSERVACION_ID, ESPECIE_ID) VALUES('OBES0112', 19, '4254212936', '2490848');
INSERT INTO OBSERVACION_ESPECIE(ID, CANTIDAD_ESPECIE, OBSERVACION_ID, ESPECIE_ID) VALUES('OBES0113', 2, '2700698628', '9436876');
INSERT INTO OBSERVACION_ESPECIE(ID, CANTIDAD_ESPECIE, OBSERVACION_ID, ESPECIE_ID) VALUES('OBES0114', 18, '943721544', '2488602');
INSERT INTO OBSERVACION_ESPECIE(ID, CANTIDAD_ESPECIE, OBSERVACION_ID, ESPECIE_ID) VALUES('OBES0115', 7, '1384726518', '2490033');
INSERT INTO OBSERVACION_ESPECIE(ID, CANTIDAD_ESPECIE, OBSERVACION_ID, ESPECIE_ID) VALUES('OBES0116', 3, '2229910338', '2483936');
INSERT INTO OBSERVACION_ESPECIE(ID, CANTIDAD_ESPECIE, OBSERVACION_ID, ESPECIE_ID) VALUES('OBES0117', 9, '1932164057', '2481942');
INSERT INTO OBSERVACION_ESPECIE(ID, CANTIDAD_ESPECIE, OBSERVACION_ID, ESPECIE_ID) VALUES('OBES0118', 11, '2682686389', '2483612');
INSERT INTO OBSERVACION_ESPECIE(ID, CANTIDAD_ESPECIE, OBSERVACION_ID, ESPECIE_ID) VALUES('OBES0119', 11, '3118582350', '5220122');
INSERT INTO OBSERVACION_ESPECIE(ID, CANTIDAD_ESPECIE, OBSERVACION_ID, ESPECIE_ID) VALUES('OBES0120', 20, '1707666195', '2433192');
INSERT INTO OBSERVACION_ESPECIE(ID, CANTIDAD_ESPECIE, OBSERVACION_ID, ESPECIE_ID) VALUES('OBES0121', 11, '2301952668', '6893780');
INSERT INTO OBSERVACION_ESPECIE(ID, CANTIDAD_ESPECIE, OBSERVACION_ID, ESPECIE_ID) VALUES('OBES0122', 16, '1054244406', '5349322');
INSERT INTO OBSERVACION_ESPECIE(ID, CANTIDAD_ESPECIE, OBSERVACION_ID, ESPECIE_ID) VALUES('OBES0123', 19, '4453948600', '7999386');
INSERT INTO OBSERVACION_ESPECIE(ID, CANTIDAD_ESPECIE, OBSERVACION_ID, ESPECIE_ID) VALUES('OBES0124', 3, '1707666558', '2433194');
INSERT INTO OBSERVACION_ESPECIE(ID, CANTIDAD_ESPECIE, OBSERVACION_ID, ESPECIE_ID) VALUES('OBES0125', 14, '1038607590', '2481942');
INSERT INTO OBSERVACION_ESPECIE(ID, CANTIDAD_ESPECIE, OBSERVACION_ID, ESPECIE_ID) VALUES('OBES0126', 20, '1890967372', '4082281');
INSERT INTO OBSERVACION_ESPECIE(ID, CANTIDAD_ESPECIE, OBSERVACION_ID, ESPECIE_ID) VALUES('OBES0127', 15, '1314997860', '2425253');
INSERT INTO OBSERVACION_ESPECIE(ID, CANTIDAD_ESPECIE, OBSERVACION_ID, ESPECIE_ID) VALUES('OBES0128', 18, '1054245699', '8338389');
INSERT INTO OBSERVACION_ESPECIE(ID, CANTIDAD_ESPECIE, OBSERVACION_ID, ESPECIE_ID) VALUES('OBES0129', 13, '1890933546', '9189710');
INSERT INTO OBSERVACION_ESPECIE(ID, CANTIDAD_ESPECIE, OBSERVACION_ID, ESPECIE_ID) VALUES('OBES0130', 7, '4453948600', '7999386');
INSERT INTO OBSERVACION_ESPECIE(ID, CANTIDAD_ESPECIE, OBSERVACION_ID, ESPECIE_ID) VALUES('OBES0131', 16, '1932081748', '5230942');
INSERT INTO OBSERVACION_ESPECIE(ID, CANTIDAD_ESPECIE, OBSERVACION_ID, ESPECIE_ID) VALUES('OBES0132', 1, '1054244351', '7265169');
INSERT INTO OBSERVACION_ESPECIE(ID, CANTIDAD_ESPECIE, OBSERVACION_ID, ESPECIE_ID) VALUES('OBES0133', 14, '2574257856', '2482882');
INSERT INTO OBSERVACION_ESPECIE(ID, CANTIDAD_ESPECIE, OBSERVACION_ID, ESPECIE_ID) VALUES('OBES0134', 10, '1707665941', '2433272');
INSERT INTO OBSERVACION_ESPECIE(ID, CANTIDAD_ESPECIE, OBSERVACION_ID, ESPECIE_ID) VALUES('OBES0135', 1, '3330738543', '6893780');
INSERT INTO OBSERVACION_ESPECIE(ID, CANTIDAD_ESPECIE, OBSERVACION_ID, ESPECIE_ID) VALUES('OBES0136', 7, '1932084404', '2481846');
INSERT INTO OBSERVACION_ESPECIE(ID, CANTIDAD_ESPECIE, OBSERVACION_ID, ESPECIE_ID) VALUES('OBES0137', 15, '1990612845', '9784990');
INSERT INTO OBSERVACION_ESPECIE(ID, CANTIDAD_ESPECIE, OBSERVACION_ID, ESPECIE_ID) VALUES('OBES0138', 3, '1707666547', '2433165');
INSERT INTO OBSERVACION_ESPECIE(ID, CANTIDAD_ESPECIE, OBSERVACION_ID, ESPECIE_ID) VALUES('OBES0139', 12, '1932086141', '2488602');
INSERT INTO OBSERVACION_ESPECIE(ID, CANTIDAD_ESPECIE, OBSERVACION_ID, ESPECIE_ID) VALUES('OBES0140', 8, '1932078329', '2491841');
INSERT INTO OBSERVACION_ESPECIE(ID, CANTIDAD_ESPECIE, OBSERVACION_ID, ESPECIE_ID) VALUES('OBES0141', 13, '3459481613', '3086528');
INSERT INTO OBSERVACION_ESPECIE(ID, CANTIDAD_ESPECIE, OBSERVACION_ID, ESPECIE_ID) VALUES('OBES0142', 19, '1932078649', '2487998');
INSERT INTO OBSERVACION_ESPECIE(ID, CANTIDAD_ESPECIE, OBSERVACION_ID, ESPECIE_ID) VALUES('OBES0143', 11, '1932086550', '2491624');
INSERT INTO OBSERVACION_ESPECIE(ID, CANTIDAD_ESPECIE, OBSERVACION_ID, ESPECIE_ID) VALUES('OBES0144', 1, '1932038943', '2478125');
INSERT INTO OBSERVACION_ESPECIE(ID, CANTIDAD_ESPECIE, OBSERVACION_ID, ESPECIE_ID) VALUES('OBES0145', 4, '1931980770', '5229564');
INSERT INTO OBSERVACION_ESPECIE(ID, CANTIDAD_ESPECIE, OBSERVACION_ID, ESPECIE_ID) VALUES('OBES0146', 14, '1932034581', '5230811');
INSERT INTO OBSERVACION_ESPECIE(ID, CANTIDAD_ESPECIE, OBSERVACION_ID, ESPECIE_ID) VALUES('OBES0147', 15, '1932079222', '5231459');
INSERT INTO OBSERVACION_ESPECIE(ID, CANTIDAD_ESPECIE, OBSERVACION_ID, ESPECIE_ID) VALUES('OBES0148', 7, '3459478981', '3086528');
INSERT INTO OBSERVACION_ESPECIE(ID, CANTIDAD_ESPECIE, OBSERVACION_ID, ESPECIE_ID) VALUES('OBES0149', 20, '1932035116', '2484217');
INSERT INTO OBSERVACION_ESPECIE(ID, CANTIDAD_ESPECIE, OBSERVACION_ID, ESPECIE_ID) VALUES('OBES0150', 13, '1931977078', '9819034');
INSERT INTO OBSERVACION_ESPECIE(ID, CANTIDAD_ESPECIE, OBSERVACION_ID, ESPECIE_ID) VALUES('OBES0151', 4, '1931977629', '2481930');
INSERT INTO OBSERVACION_ESPECIE(ID, CANTIDAD_ESPECIE, OBSERVACION_ID, ESPECIE_ID) VALUES('OBES0152', 17, '1844928925', '7300855');
INSERT INTO OBSERVACION_ESPECIE(ID, CANTIDAD_ESPECIE, OBSERVACION_ID, ESPECIE_ID) VALUES('OBES0153', 17, '1932043409', '2484103');
INSERT INTO OBSERVACION_ESPECIE(ID, CANTIDAD_ESPECIE, OBSERVACION_ID, ESPECIE_ID) VALUES('OBES0154', 9, '1932034509', '2490787');
INSERT INTO OBSERVACION_ESPECIE(ID, CANTIDAD_ESPECIE, OBSERVACION_ID, ESPECIE_ID) VALUES('OBES0155', 14, '1932033272', '2487629');
INSERT INTO OBSERVACION_ESPECIE(ID, CANTIDAD_ESPECIE, OBSERVACION_ID, ESPECIE_ID) VALUES('OBES0156', 6, '1932034305', '2481930');
INSERT INTO OBSERVACION_ESPECIE(ID, CANTIDAD_ESPECIE, OBSERVACION_ID, ESPECIE_ID) VALUES('OBES0157', 13, '1314945996', '5230942');
INSERT INTO OBSERVACION_ESPECIE(ID, CANTIDAD_ESPECIE, OBSERVACION_ID, ESPECIE_ID) VALUES('OBES0158', 3, '3045927910', '5175641');
INSERT INTO OBSERVACION_ESPECIE(ID, CANTIDAD_ESPECIE, OBSERVACION_ID, ESPECIE_ID) VALUES('OBES0159', 17, '1932031935', '2483490');
INSERT INTO OBSERVACION_ESPECIE(ID, CANTIDAD_ESPECIE, OBSERVACION_ID, ESPECIE_ID) VALUES('OBES0160', 20, '2283950490', '1093377');
INSERT INTO OBSERVACION_ESPECIE(ID, CANTIDAD_ESPECIE, OBSERVACION_ID, ESPECIE_ID) VALUES('OBES0161', 6, '3530474281', '2481942');
INSERT INTO OBSERVACION_ESPECIE(ID, CANTIDAD_ESPECIE, OBSERVACION_ID, ESPECIE_ID) VALUES('OBES0162', 20, '3978882673', '3071783');
INSERT INTO OBSERVACION_ESPECIE(ID, CANTIDAD_ESPECIE, OBSERVACION_ID, ESPECIE_ID) VALUES('OBES0163', 9, '4015530010', '2343888');
INSERT INTO OBSERVACION_ESPECIE(ID, CANTIDAD_ESPECIE, OBSERVACION_ID, ESPECIE_ID) VALUES('OBES0164', 7, '3978885504', '5962432');
INSERT INTO OBSERVACION_ESPECIE(ID, CANTIDAD_ESPECIE, OBSERVACION_ID, ESPECIE_ID) VALUES('OBES0165', 17, '2283950288', '1093377');
INSERT INTO OBSERVACION_ESPECIE(ID, CANTIDAD_ESPECIE, OBSERVACION_ID, ESPECIE_ID) VALUES('OBES0166', 12, '3607101091', '5229146');
INSERT INTO OBSERVACION_ESPECIE(ID, CANTIDAD_ESPECIE, OBSERVACION_ID, ESPECIE_ID) VALUES('OBES0167', 5, '2283952758', '2433192');
INSERT INTO OBSERVACION_ESPECIE(ID, CANTIDAD_ESPECIE, OBSERVACION_ID, ESPECIE_ID) VALUES('OBES0168', 20, '3978882599', '5545128');
INSERT INTO OBSERVACION_ESPECIE(ID, CANTIDAD_ESPECIE, OBSERVACION_ID, ESPECIE_ID) VALUES('OBES0169', 5, '3978882327', '2493744');
INSERT INTO OBSERVACION_ESPECIE(ID, CANTIDAD_ESPECIE, OBSERVACION_ID, ESPECIE_ID) VALUES('OBES0170', 20, '3978885995', '2477436');
INSERT INTO OBSERVACION_ESPECIE(ID, CANTIDAD_ESPECIE, OBSERVACION_ID, ESPECIE_ID) VALUES('OBES0171', 10, '3978885330', '8953936');
INSERT INTO OBSERVACION_ESPECIE(ID, CANTIDAD_ESPECIE, OBSERVACION_ID, ESPECIE_ID) VALUES('OBES0172', 20, '2283951421', '1093377');
INSERT INTO OBSERVACION_ESPECIE(ID, CANTIDAD_ESPECIE, OBSERVACION_ID, ESPECIE_ID) VALUES('OBES0173', 2, '2283951804', '1093377');
INSERT INTO OBSERVACION_ESPECIE(ID, CANTIDAD_ESPECIE, OBSERVACION_ID, ESPECIE_ID) VALUES('OBES0174', 2, '3527725577', '2480951');
INSERT INTO OBSERVACION_ESPECIE(ID, CANTIDAD_ESPECIE, OBSERVACION_ID, ESPECIE_ID) VALUES('OBES0175', 10, '3561205101', '2480790');
INSERT INTO OBSERVACION_ESPECIE(ID, CANTIDAD_ESPECIE, OBSERVACION_ID, ESPECIE_ID) VALUES('OBES0176', 8, '3978884505', '2481006');
INSERT INTO OBSERVACION_ESPECIE(ID, CANTIDAD_ESPECIE, OBSERVACION_ID, ESPECIE_ID) VALUES('OBES0177', 20, '3978886267', '7304294');
INSERT INTO OBSERVACION_ESPECIE(ID, CANTIDAD_ESPECIE, OBSERVACION_ID, ESPECIE_ID) VALUES('OBES0178', 19, '3295104535', '2495858');
INSERT INTO OBSERVACION_ESPECIE(ID, CANTIDAD_ESPECIE, OBSERVACION_ID, ESPECIE_ID) VALUES('OBES0180', 5, '3387422963', '1930621');
INSERT INTO OBSERVACION_ESPECIE(ID, CANTIDAD_ESPECIE, OBSERVACION_ID, ESPECIE_ID) VALUES('OBES0181', 6, '1228525899', '4187211');
INSERT INTO OBSERVACION_ESPECIE(ID, CANTIDAD_ESPECIE, OBSERVACION_ID, ESPECIE_ID) VALUES('OBES0182', 1, '2609673494', '2483402');
INSERT INTO OBSERVACION_ESPECIE(ID, CANTIDAD_ESPECIE, OBSERVACION_ID, ESPECIE_ID) VALUES('OBES0183', 9, '3387422663', '5128034');
INSERT INTO OBSERVACION_ESPECIE(ID, CANTIDAD_ESPECIE, OBSERVACION_ID, ESPECIE_ID) VALUES('OBES0184', 13, '2235872655', '4171081');
INSERT INTO OBSERVACION_ESPECIE(ID, CANTIDAD_ESPECIE, OBSERVACION_ID, ESPECIE_ID) VALUES('OBES0185', 1, '3387421581', '5130528');
INSERT INTO OBSERVACION_ESPECIE(ID, CANTIDAD_ESPECIE, OBSERVACION_ID, ESPECIE_ID) VALUES('OBES0186', 19, '3387422214', '1919656');
INSERT INTO OBSERVACION_ESPECIE(ID, CANTIDAD_ESPECIE, OBSERVACION_ID, ESPECIE_ID) VALUES('OBES0187', 17, '1707555120', '2760702');
INSERT INTO OBSERVACION_ESPECIE(ID, CANTIDAD_ESPECIE, OBSERVACION_ID, ESPECIE_ID) VALUES('OBES0188', 11, '3946223274', '4185986');
INSERT INTO OBSERVACION_ESPECIE(ID, CANTIDAD_ESPECIE, OBSERVACION_ID, ESPECIE_ID) VALUES('OBES0189', 1, '1936355604', '5308859');
INSERT INTO OBSERVACION_ESPECIE(ID, CANTIDAD_ESPECIE, OBSERVACION_ID, ESPECIE_ID) VALUES('OBES0190', 9, '1934684372', '3108061');
INSERT INTO OBSERVACION_ESPECIE(ID, CANTIDAD_ESPECIE, OBSERVACION_ID, ESPECIE_ID) VALUES('OBES0191', 13, '1147205763', '2485362');
INSERT INTO OBSERVACION_ESPECIE(ID, CANTIDAD_ESPECIE, OBSERVACION_ID, ESPECIE_ID) VALUES('OBES0192', 7, '3387422511', '1938199');
INSERT INTO OBSERVACION_ESPECIE(ID, CANTIDAD_ESPECIE, OBSERVACION_ID, ESPECIE_ID) VALUES('OBES0193', 9, '3387421821', '5128433');
INSERT INTO OBSERVACION_ESPECIE(ID, CANTIDAD_ESPECIE, OBSERVACION_ID, ESPECIE_ID) VALUES('OBES0194', 7, '1147305329', '5289310');
INSERT INTO OBSERVACION_ESPECIE(ID, CANTIDAD_ESPECIE, OBSERVACION_ID, ESPECIE_ID) VALUES('OBES0195', 12, '1212462266', '2489177');
INSERT INTO OBSERVACION_ESPECIE(ID, CANTIDAD_ESPECIE, OBSERVACION_ID, ESPECIE_ID) VALUES('OBES0196', 11, '930767778', '10677468');
INSERT INTO OBSERVACION_ESPECIE(ID, CANTIDAD_ESPECIE, OBSERVACION_ID, ESPECIE_ID) VALUES('OBES0197', 14, '3387421686', '1908258');
INSERT INTO OBSERVACION_ESPECIE(ID, CANTIDAD_ESPECIE, OBSERVACION_ID, ESPECIE_ID) VALUES('OBES0198', 6, '3387422416', '5132003');
INSERT INTO OBSERVACION_ESPECIE(ID, CANTIDAD_ESPECIE, OBSERVACION_ID, ESPECIE_ID) VALUES('OBES0199', 9, '1212461831', '7415507');
INSERT INTO OBSERVACION_ESPECIE(ID, CANTIDAD_ESPECIE, OBSERVACION_ID, ESPECIE_ID) VALUES('OBES0200', 8, '2993587812', '5842775');
INSERT INTO OBSERVACION_ESPECIE(ID, CANTIDAD_ESPECIE, OBSERVACION_ID, ESPECIE_ID) VALUES('OBES0201', 2, '3422449069', '5209135');
INSERT INTO OBSERVACION_ESPECIE(ID, CANTIDAD_ESPECIE, OBSERVACION_ID, ESPECIE_ID) VALUES('OBES0202', 11, '1395909530', '2480726');
INSERT INTO OBSERVACION_ESPECIE(ID, CANTIDAD_ESPECIE, OBSERVACION_ID, ESPECIE_ID) VALUES('OBES0203', 6, '2013910206', '5969864');
INSERT INTO OBSERVACION_ESPECIE(ID, CANTIDAD_ESPECIE, OBSERVACION_ID, ESPECIE_ID) VALUES('OBES0204', 16, '3447120297', '5184766');
INSERT INTO OBSERVACION_ESPECIE(ID, CANTIDAD_ESPECIE, OBSERVACION_ID, ESPECIE_ID) VALUES('OBES0205', 12, '3422437972', '5209721');
INSERT INTO OBSERVACION_ESPECIE(ID, CANTIDAD_ESPECIE, OBSERVACION_ID, ESPECIE_ID) VALUES('OBES0206', 1, '3053838676', '2374663');
INSERT INTO OBSERVACION_ESPECIE(ID, CANTIDAD_ESPECIE, OBSERVACION_ID, ESPECIE_ID) VALUES('OBES0207', 8, '44924569', '8997374');
INSERT INTO OBSERVACION_ESPECIE(ID, CANTIDAD_ESPECIE, OBSERVACION_ID, ESPECIE_ID) VALUES('OBES0208', 6, '3447199414', '2260542');
INSERT INTO OBSERVACION_ESPECIE(ID, CANTIDAD_ESPECIE, OBSERVACION_ID, ESPECIE_ID) VALUES('OBES0209', 15, '2993613118', '2398772');
INSERT INTO OBSERVACION_ESPECIE(ID, CANTIDAD_ESPECIE, OBSERVACION_ID, ESPECIE_ID) VALUES('OBES0211', 4, '3447127389', '5184766');
INSERT INTO OBSERVACION_ESPECIE(ID, CANTIDAD_ESPECIE, OBSERVACION_ID, ESPECIE_ID) VALUES('OBES0213', 1, '3422440185', '2398772');
INSERT INTO OBSERVACION_ESPECIE(ID, CANTIDAD_ESPECIE, OBSERVACION_ID, ESPECIE_ID) VALUES('OBES0214', 1, '2993587975', '5842758');
INSERT INTO OBSERVACION_ESPECIE(ID, CANTIDAD_ESPECIE, OBSERVACION_ID, ESPECIE_ID) VALUES('OBES0216', 15, '3004129353', '2481225');
INSERT INTO OBSERVACION_ESPECIE(ID, CANTIDAD_ESPECIE, OBSERVACION_ID, ESPECIE_ID) VALUES('OBES0217', 12, '3447133395', '2260542');
INSERT INTO OBSERVACION_ESPECIE(ID, CANTIDAD_ESPECIE, OBSERVACION_ID, ESPECIE_ID) VALUES('OBES0218', 11, '3422449119', '2389031');
INSERT INTO OBSERVACION_ESPECIE(ID, CANTIDAD_ESPECIE, OBSERVACION_ID, ESPECIE_ID) VALUES('OBES0220', 3, '2332649677', '4311601');
INSERT INTO OBSERVACION_ESPECIE(ID, CANTIDAD_ESPECIE, OBSERVACION_ID, ESPECIE_ID) VALUES('OBES0221', 4, '2332649763', '6516394');
INSERT INTO OBSERVACION_ESPECIE(ID, CANTIDAD_ESPECIE, OBSERVACION_ID, ESPECIE_ID) VALUES('OBES0222', 1, '923928089', '5034771');
INSERT INTO OBSERVACION_ESPECIE(ID, CANTIDAD_ESPECIE, OBSERVACION_ID, ESPECIE_ID) VALUES('OBES0223', 13, '1055067237', '1314142');
INSERT INTO OBSERVACION_ESPECIE(ID, CANTIDAD_ESPECIE, OBSERVACION_ID, ESPECIE_ID) VALUES('OBES0224', 9, '1932117956', '5229361');
INSERT INTO OBSERVACION_ESPECIE(ID, CANTIDAD_ESPECIE, OBSERVACION_ID, ESPECIE_ID) VALUES('OBES0225', 17, '1932118319', '2480824');
INSERT INTO OBSERVACION_ESPECIE(ID, CANTIDAD_ESPECIE, OBSERVACION_ID, ESPECIE_ID) VALUES('OBES0226', 8, '3072598872', '4311601');
INSERT INTO OBSERVACION_ESPECIE(ID, CANTIDAD_ESPECIE, OBSERVACION_ID, ESPECIE_ID) VALUES('OBES0227', 4, '3072598714', '4311601');
INSERT INTO OBSERVACION_ESPECIE(ID, CANTIDAD_ESPECIE, OBSERVACION_ID, ESPECIE_ID) VALUES('OBES0228', 15, '1318084549', '2398672');
INSERT INTO OBSERVACION_ESPECIE(ID, CANTIDAD_ESPECIE, OBSERVACION_ID, ESPECIE_ID) VALUES('OBES0229', 4, '1055067684', '5035364');
INSERT INTO OBSERVACION_ESPECIE(ID, CANTIDAD_ESPECIE, OBSERVACION_ID, ESPECIE_ID) VALUES('OBES0231', 6, '3072598744', '4311750');
INSERT INTO OBSERVACION_ESPECIE(ID, CANTIDAD_ESPECIE, OBSERVACION_ID, ESPECIE_ID) VALUES('OBES0232', 8, '3072598499', '4311601');
INSERT INTO OBSERVACION_ESPECIE(ID, CANTIDAD_ESPECIE, OBSERVACION_ID, ESPECIE_ID) VALUES('OBES0233', 14, '1932118059', '2489985');
INSERT INTO OBSERVACION_ESPECIE(ID, CANTIDAD_ESPECIE, OBSERVACION_ID, ESPECIE_ID) VALUES('OBES0234', 1, '1932118183', '5229662');
INSERT INTO OBSERVACION_ESPECIE(ID, CANTIDAD_ESPECIE, OBSERVACION_ID, ESPECIE_ID) VALUES('OBES0235', 11, '1055066069', '1340577');
INSERT INTO OBSERVACION_ESPECIE(ID, CANTIDAD_ESPECIE, OBSERVACION_ID, ESPECIE_ID) VALUES('OBES0236', 18, '1055069459', '12335869');
INSERT INTO OBSERVACION_ESPECIE(ID, CANTIDAD_ESPECIE, OBSERVACION_ID, ESPECIE_ID) VALUES('OBES0237', 9, '1065259729', '10738988');
INSERT INTO OBSERVACION_ESPECIE(ID, CANTIDAD_ESPECIE, OBSERVACION_ID, ESPECIE_ID) VALUES('OBES0238', 20, '2332649914', '5189971');
INSERT INTO OBSERVACION_ESPECIE(ID, CANTIDAD_ESPECIE, OBSERVACION_ID, ESPECIE_ID) VALUES('OBES0239', 3, '3072598515', '4382546');

